# vtk DataFile Version 3.0
# Dislocation lines converted from MoDELib file
ASCII
DATASET UNSTRUCTURED_GRID
POINTS 337 double
3.957589980547000e+02 1.231080584867000e+02 2.334159345453000e+02
3.963170070905000e+02 1.230503533063000e+02 2.289003069361000e+02
3.967494536434000e+02 1.230612260151000e+02 2.229070083209000e+02
3.974085824392000e+02 1.229203650001000e+02 2.178132647134000e+02
3.980139291678000e+02 1.228552019490000e+02 2.128577669332000e+02
3.975852481274001e+02 1.228846936869000e+02 2.080420789600000e+02
3.972999126030000e+02 1.229379421242000e+02 2.033796065254000e+02
3.985891977743000e+02 1.230979625925000e+02 1.984386155271000e+02
3.994172656990000e+02 1.230957971615000e+02 1.934887630697000e+02
3.986198900870000e+02 1.229880146380000e+02 1.890636649390000e+02
3.974667950332001e+02 1.230027744612000e+02 1.847311072857000e+02
3.968424202785000e+02 1.231514007445000e+02 1.800242585348000e+02
3.961702774298000e+02 1.231824128532000e+02 1.752587808423000e+02
3.950672543085000e+02 1.230048102566000e+02 1.707917705306000e+02
3.935896529171000e+02 1.229364903209000e+02 1.665103071849000e+02
3.911772335198000e+02 1.230033061837000e+02 1.622403458122000e+02
3.883949258800000e+02 1.230500282812000e+02 1.578324165605000e+02
3.863373024118000e+02 1.230730010760000e+02 1.534286684288000e+02
3.849363231586000e+02 1.231326500154000e+02 1.490369881740000e+02
3.831454506365001e+02 1.231392502453000e+02 1.445773420654000e+02
3.805550129512000e+02 1.231341536120000e+02 1.404866240313000e+02
3.776000381440001e+02 1.231897315574000e+02 1.367234792302000e+02
3.745588135641000e+02 1.232293234978000e+02 1.327358879137000e+02
3.718783373953000e+02 1.231583984419000e+02 1.287469789416000e+02
3.695223999880000e+02 1.230826959798000e+02 1.249087162024000e+02
3.663415483909000e+02 1.232251647612000e+02 1.214454089453000e+02
3.617910184305001e+02 1.234341886445000e+02 1.186597519093000e+02
3.568360413394001e+02 1.234967768916000e+02 1.161480122361000e+02
3.524258332676000e+02 1.233981498475000e+02 1.136540226430000e+02
3.489275003305000e+02 1.233354631279000e+02 1.106600544024000e+02
3.458833085069001e+02 1.232793167722000e+02 1.071556961200000e+02
3.423911457995000e+02 1.232694781220000e+02 1.040296536918000e+02
3.381420819497001e+02 1.234006305345000e+02 1.014189036813000e+02
3.333556299588000e+02 1.233924861950000e+02 9.913268462630000e+01
3.285821003254001e+02 1.233709576520000e+02 9.709386908950000e+01
3.241923512838000e+02 1.234360532954000e+02 9.497523357510001e+01
3.197072323162000e+02 1.234948699440000e+02 9.306332275490000e+01
3.149306330917000e+02 1.236292372809000e+02 9.110178686570001e+01
3.100639389294000e+02 1.236264162315000e+02 8.893736946120002e+01
3.051727506494000e+02 1.235606375919000e+02 8.705098913300000e+01
3.001900379641000e+02 1.237106200884000e+02 8.553555473580001e+01
2.945887945269000e+02 1.239236001487000e+02 8.502305177750000e+01
2.890793832196000e+02 1.239823411755000e+02 8.446899583550001e+01
2.839808920711000e+02 1.239205530648000e+02 8.298525130260001e+01
2.783515543182000e+02 1.237919354627000e+02 8.171958168750000e+01
2.723977902233000e+02 1.238111455877000e+02 8.076541580030000e+01
2.662750594439000e+02 1.241205837493000e+02 8.015386223359999e+01
2.600618167723000e+02 1.239787234761000e+02 7.972437006230003e+01
2.539853410208000e+02 1.234794703712000e+02 7.908667589160000e+01
2.478674838344000e+02 1.235932039379000e+02 7.864339089400001e+01
2.419829959600000e+02 1.239021517809000e+02 7.865643905170000e+01
2.361163899252000e+02 1.239456105068000e+02 7.915463175559999e+01
2.298426205842000e+02 1.239309015696000e+02 7.984599639480000e+01
2.233767189711000e+02 1.238387443387000e+02 8.071453714380000e+01
2.171162244806000e+02 1.239012665229000e+02 8.172712533649998e+01
2.113054222761000e+02 1.240203908050000e+02 8.319877762669999e+01
2.054693363065000e+02 1.239968505103000e+02 8.516971819070000e+01
1.995245074101000e+02 1.240124684304000e+02 8.748342584360000e+01
1.939580871692000e+02 1.239997409208000e+02 9.025355934300001e+01
1.882921137392000e+02 1.238723679235000e+02 9.253555040220000e+01
1.821873603298000e+02 1.237761653331000e+02 9.443807754069999e+01
1.758067217901000e+02 1.237730290228000e+02 9.633550457910000e+01
1.694009360510000e+02 1.238085389478000e+02 9.810459781589999e+01
1.638376743561000e+02 1.239358945987000e+02 1.005490405779000e+02
1.591403112377000e+02 1.240289210123000e+02 1.039299183895000e+02
1.545864203405000e+02 1.240727552988000e+02 1.073329630537000e+02
1.501015804572000e+02 1.241319037619000e+02 1.098739132503000e+02
1.456629960822000e+02 1.241077284322000e+02 1.123654827606000e+02
1.414724149500000e+02 1.241871194613000e+02 1.159275005035000e+02
1.375474993322000e+02 1.242838218118000e+02 1.207084514905000e+02
1.335203009266000e+02 1.241650236799000e+02 1.259865196414000e+02
1.296389745906000e+02 1.240280447257000e+02 1.305448212050000e+02
1.258836520399000e+02 1.239405652187000e+02 1.352917128708000e+02
1.217776895341000e+02 1.239726289222000e+02 1.414588992024000e+02
1.180564888752000e+02 1.240759260940000e+02 1.476717574751000e+02
1.156453695231000e+02 1.241078674594000e+02 1.528849231941000e+02
1.133439834024000e+02 1.241349002504000e+02 1.579662085806000e+02
1.110171150205000e+02 1.240753701164000e+02 1.631343352667000e+02
1.100274999171000e+02 1.240798019232000e+02 1.683042100106000e+02
1.091302073372000e+02 1.241643821758000e+02 1.734676614502000e+02
1.073943590014000e+02 1.241778268278000e+02 1.783775900957000e+02
1.056040201525000e+02 1.241726332797000e+02 1.839642249711000e+02
1.039508115473000e+02 1.241067259188000e+02 1.900287164133000e+02
1.030255510837000e+02 1.241027454856000e+02 1.954723324782000e+02
1.028102703342000e+02 1.241474624171000e+02 2.004595649383000e+02
1.022981130557000e+02 1.241010000868000e+02 2.051599216846000e+02
1.019367029916000e+02 1.240835705708000e+02 2.096351232183000e+02
1.024482253114000e+02 1.241623959617000e+02 2.139258100458000e+02
1.027699345741000e+02 1.241355753825000e+02 2.182806771516000e+02
1.023712854426000e+02 1.240075802986000e+02 2.229566667345000e+02
1.025256074045000e+02 1.240295268752000e+02 2.274635099374000e+02
1.038423103895000e+02 1.241538066919000e+02 2.316186224068000e+02
1.051720788592000e+02 1.241732714225000e+02 2.360058958525000e+02
1.051670372451000e+02 1.240900065312000e+02 2.411549048650000e+02
1.048094325528000e+02 1.241366164199000e+02 2.466746293134000e+02
1.060393926555000e+02 1.241495498003000e+02 2.514146954154000e+02
1.075213615726000e+02 1.240889236417000e+02 2.555709599498000e+02
1.084902917880000e+02 1.240663317130000e+02 2.602045636238000e+02
1.101899206518000e+02 1.239974206914000e+02 2.648535975447000e+02
1.121118471121000e+02 1.239671549069000e+02 2.690512706478000e+02
1.141495786986000e+02 1.239380840892000e+02 2.731619013803000e+02
1.167877813943000e+02 1.240637753501000e+02 2.772418325276000e+02
1.196750835485000e+02 1.241681799337000e+02 2.811885816476000e+02
1.225151569837000e+02 1.240144401187000e+02 2.849594531142000e+02
1.250956324968000e+02 1.238796327153000e+02 2.892202769918000e+02
1.271413330613000e+02 1.238130129166000e+02 2.939798318102000e+02
1.297623645047000e+02 1.237187256164000e+02 2.974725176407000e+02
1.335842456928000e+02 1.236881299473000e+02 3.000801437857000e+02
1.371247867851000e+02 1.236967630845000e+02 3.035311632151000e+02
1.402178786554000e+02 1.236967376648000e+02 3.072088049195000e+02
1.435117061493000e+02 1.237662300795000e+02 3.103631821357000e+02
1.465627006851000e+02 1.237763171253000e+02 3.132910001730000e+02
1.499184294594000e+02 1.236794914437000e+02 3.161306132705001e+02
1.536816736588000e+02 1.236765574659000e+02 3.189447062950000e+02
1.567996426626000e+02 1.236932637725000e+02 3.217966700506001e+02
1.606599636504000e+02 1.235768315096000e+02 3.240001366883000e+02
1.659034654032000e+02 1.235032525392000e+02 3.259298965727000e+02
1.711401977905000e+02 1.235157382202000e+02 3.285024232618001e+02
1.760930142491000e+02 1.235956665524000e+02 3.311492346843000e+02
1.809635272055000e+02 1.237106305128000e+02 3.333775687759000e+02
1.859284273817000e+02 1.236504848028000e+02 3.354636646743000e+02
1.906551677994001e+02 1.234544081911000e+02 3.376403414076000e+02
1.948090833958000e+02 1.233685814034000e+02 3.395928067111000e+02
1.990901742589000e+02 1.233374618954000e+02 3.413044500829001e+02
2.043740049010000e+02 1.232838994555000e+02 3.426297627969000e+02
2.101561848052000e+02 1.232970239552000e+02 3.437119686102000e+02
2.154765682696000e+02 1.232871665007000e+02 3.448570416945001e+02
2.204756268272000e+02 1.232695777633000e+02 3.455547454725000e+02
2.255767103003000e+02 1.232259470653000e+02 3.462636923338000e+02
2.308962045481000e+02 1.230927715910000e+02 3.473318352583000e+02
2.365732578995000e+02 1.232345944550000e+02 3.481781911567000e+02
2.422432928953000e+02 1.233694916969000e+02 3.489771295248000e+02
2.477586725623000e+02 1.230940474494000e+02 3.497406035239001e+02
2.534570788716000e+02 1.229147321427000e+02 3.500014590340000e+02
2.592169145838000e+02 1.229055371074000e+02 3.500305623672000e+02
2.647999353239000e+02 1.231015996398000e+02 3.497591461483000e+02
2.699554891120000e+02 1.233185484627000e+02 3.488402430974000e+02
2.754372645763000e+02 1.231371875337000e+02 3.480056022482000e+02
2.816250894238000e+02 1.229366432308000e+02 3.471849452908000e+02
2.877741266090000e+02 1.228548595320000e+02 3.460570858963000e+02
2.933069103268000e+02 1.229190167416000e+02 3.445388689449000e+02
2.984471618699000e+02 1.231778313751000e+02 3.420358983979000e+02
3.040517209168000e+02 1.231726353537000e+02 3.397330271398001e+02
3.098431239462001e+02 1.230717712000000e+02 3.381694803486001e+02
3.156865561950000e+02 1.231538001928000e+02 3.360008002489001e+02
3.213880817449000e+02 1.230138624947000e+02 3.333806234320000e+02
3.267925160572000e+02 1.229181199402000e+02 3.303627428698001e+02
3.325554767135000e+02 1.229843726640000e+02 3.267132664284000e+02
3.383531867953001e+02 1.230007747958000e+02 3.233007494602000e+02
3.437754119325000e+02 1.231636873082000e+02 3.198739606904000e+02
3.491049752076000e+02 1.232770426459000e+02 3.163463688828000e+02
3.545299509932000e+02 1.232223416964000e+02 3.128960197303000e+02
3.596958226336000e+02 1.230192896474000e+02 3.089262988532000e+02
3.643036686068000e+02 1.229031895451000e+02 3.044306852501000e+02
3.682843797287999e+02 1.229044756499000e+02 2.995420419663000e+02
3.712732000278000e+02 1.227796709701000e+02 2.941265295975000e+02
3.743344323469000e+02 1.227620661526000e+02 2.891838735043000e+02
3.785583852213000e+02 1.228579749439000e+02 2.853543688751000e+02
3.818443084502001e+02 1.229415755989000e+02 2.809751739557000e+02
3.826686540913000e+02 1.229517701738000e+02 2.759997664822000e+02
3.831774821289000e+02 1.229442728952000e+02 2.709955467062000e+02
3.852514545715000e+02 1.229892271284000e+02 2.656765583173000e+02
3.878086507098001e+02 1.229336089377000e+02 2.607293651757000e+02
3.890146954458000e+02 1.227993469656000e+02 2.559479046357000e+02
3.902169478031000e+02 1.227336691945000e+02 2.512930017510000e+02
3.926702735855999e+02 1.227805906732000e+02 2.468099171926000e+02
3.938363119644001e+02 1.228855735341000e+02 2.422604917360000e+02
3.940849236232000e+02 1.230067891966000e+02 2.386661984639000e+02
3.957589980706000e+02 1.231080586111000e+02 2.334159345864000e+02
3.960380025726000e+02 1.230792058965000e+02 2.311581207407000e+02
3.965332303669500e+02 1.230557896607000e+02 2.259036576285000e+02
3.970790180413000e+02 1.229907955076000e+02 2.203601365171500e+02
3.977112558035001e+02 1.228877834745500e+02 2.153355158233000e+02
3.977995886476000e+02 1.228699478179500e+02 2.104499229466000e+02
3.974425803652000e+02 1.229113179055500e+02 2.057108427427000e+02
3.979445551886500e+02 1.230179523583500e+02 2.009091110262500e+02
3.990032317366499e+02 1.230968798770000e+02 1.959636892984000e+02
3.990185778930000e+02 1.230419058997500e+02 1.912762140043500e+02
3.980433425601000e+02 1.229953945496000e+02 1.868973861123500e+02
3.971546076558501e+02 1.230770876028500e+02 1.823776829102500e+02
3.965063488541500e+02 1.231669067988500e+02 1.776415196885500e+02
3.956187658691500e+02 1.230936115549000e+02 1.730252756864500e+02
3.943284536128000e+02 1.229706502887500e+02 1.686510388577500e+02
3.923834432184500e+02 1.229698982523000e+02 1.643753264985500e+02
3.897860796999000e+02 1.230266672324500e+02 1.600363811863500e+02
3.873661141459000e+02 1.230615146786000e+02 1.556305424946500e+02
3.856368127852000e+02 1.231028255457000e+02 1.512328283014000e+02
3.840408868975500e+02 1.231359501303500e+02 1.468071651197000e+02
3.818502317938501e+02 1.231367019286500e+02 1.425319830483500e+02
3.790775255476000e+02 1.231619425847000e+02 1.386050516307500e+02
3.760794258540500e+02 1.232095275276000e+02 1.347296835719500e+02
3.732185754797000e+02 1.231938609698500e+02 1.307414334276500e+02
3.707003686916499e+02 1.231205472108500e+02 1.268278475720000e+02
3.679319741894500e+02 1.231539303705000e+02 1.231770625738500e+02
3.640662834107001e+02 1.233296767028500e+02 1.200525804273000e+02
3.593135298849501e+02 1.234654827680500e+02 1.174038820727000e+02
3.546309373035000e+02 1.234474633695500e+02 1.149010174395500e+02
3.506766667990500e+02 1.233668064877000e+02 1.121570385227000e+02
3.474054044187000e+02 1.233073899500500e+02 1.089078752612000e+02
3.441372271531999e+02 1.232743974471000e+02 1.055926749059000e+02
3.402666138746001e+02 1.233350543282500e+02 1.027242786865500e+02
3.357488559542501e+02 1.233965583647500e+02 1.002757941538000e+02
3.309688651421000e+02 1.233817219235000e+02 9.811327685790000e+01
3.263872258046001e+02 1.234035054737000e+02 9.603455133230000e+01
3.219497918000001e+02 1.234654616197000e+02 9.401927816500000e+01
3.173189327039500e+02 1.235620536124500e+02 9.208255481030000e+01
3.124972860105500e+02 1.236278267562000e+02 9.001957816345001e+01
3.076183447894000e+02 1.235935269117000e+02 8.799417929710000e+01
3.026813943067500e+02 1.236356288401500e+02 8.629327193440000e+01
2.973894162455000e+02 1.238171101185500e+02 8.527930325665001e+01
2.918340888732500e+02 1.239529706621000e+02 8.474602380650001e+01
2.865301376453500e+02 1.239514471201500e+02 8.372712356904999e+01
2.811662231946500e+02 1.238562442637500e+02 8.235241649505001e+01
2.753746722707500e+02 1.238015405252000e+02 8.124249874390001e+01
2.693364248335999e+02 1.239658646685000e+02 8.045963901695001e+01
2.631684381081000e+02 1.240496536127000e+02 7.993911614794999e+01
2.570235788965500e+02 1.237290969236500e+02 7.940552297695001e+01
2.509264124276000e+02 1.235363371545500e+02 7.886503339280000e+01
2.449252398972000e+02 1.237476778594000e+02 7.864991497285000e+01
2.390496929426000e+02 1.239238811438500e+02 7.890553540365001e+01
2.329795052547000e+02 1.239382560382000e+02 7.950031407520000e+01
2.266096697776500e+02 1.238848229541500e+02 8.028026676930000e+01
2.202464717258500e+02 1.238700054308000e+02 8.122083124014999e+01
2.142108233783500e+02 1.239608286639500e+02 8.246295148160000e+01
2.083873792913000e+02 1.240086206576500e+02 8.418424790870000e+01
2.024969218583000e+02 1.240046594703500e+02 8.632657201714999e+01
1.967412972896500e+02 1.240061046756000e+02 8.886849259330002e+01
1.911251004542000e+02 1.239360544221500e+02 9.139455487260003e+01
1.852397370345000e+02 1.238242666283000e+02 9.348681397144999e+01
1.789970410599500e+02 1.237745971779500e+02 9.538679105990001e+01
1.726038289205500e+02 1.237907839853000e+02 9.722005119750001e+01
1.666193052035500e+02 1.238722167732500e+02 9.932681919690000e+01
1.614889927969000e+02 1.239824078055000e+02 1.022394794837000e+02
1.568633657891000e+02 1.240508381555500e+02 1.056314407216000e+02
1.523440003988500e+02 1.241023295303500e+02 1.086034381520000e+02
1.478822882697000e+02 1.241198160970500e+02 1.111196980054500e+02
1.435677055161000e+02 1.241474239467500e+02 1.141464916320500e+02
1.395099571411000e+02 1.242354706365500e+02 1.183179759970000e+02
1.355339001294000e+02 1.242244227458500e+02 1.233474855659500e+02
1.315796377586000e+02 1.240965342028000e+02 1.282656704232000e+02
1.277613133152500e+02 1.239843049722000e+02 1.329182670379000e+02
1.238306707870000e+02 1.239565970704500e+02 1.383753060366000e+02
1.199170892046500e+02 1.240242775081000e+02 1.445653283387500e+02
1.168509291991500e+02 1.240918967767000e+02 1.502783403346000e+02
1.144946764627500e+02 1.241213838549000e+02 1.554255658873500e+02
1.121805492114500e+02 1.241051351834000e+02 1.605502719236500e+02
1.105223074688000e+02 1.240775860198000e+02 1.657192726386500e+02
1.095788536271500e+02 1.241220920495000e+02 1.708859357304000e+02
1.082622831693000e+02 1.241711045018000e+02 1.759226257729500e+02
1.064991895769500e+02 1.241752300537500e+02 1.811709075334000e+02
1.047774158499000e+02 1.241396795992500e+02 1.869964706922000e+02
1.034881813155000e+02 1.241047357022000e+02 1.927505244457500e+02
1.029179107089500e+02 1.241251039513500e+02 1.979659487082500e+02
1.025541916949500e+02 1.241242312519500e+02 2.028097433114500e+02
1.021174080236500e+02 1.240922853288000e+02 2.073975224514500e+02
1.021924641515000e+02 1.241229832662500e+02 2.117804666320500e+02
1.026090799427500e+02 1.241489856721000e+02 2.161032435987001e+02
1.025706100083500e+02 1.240715778405500e+02 2.206186719430500e+02
1.024484464235500e+02 1.240185535869000e+02 2.252100883359500e+02
1.031839588970000e+02 1.240916667835500e+02 2.295410661721000e+02
1.045071946243500e+02 1.241635390572000e+02 2.338122591296500e+02
1.051695580521500e+02 1.241316389768500e+02 2.385804003587500e+02
1.049882348989500e+02 1.241133114755500e+02 2.439147670892000e+02
1.054244126041500e+02 1.241430831101000e+02 2.490446623644000e+02
1.067803771140500e+02 1.241192367210000e+02 2.534928276826000e+02
1.080058266803000e+02 1.240776276773500e+02 2.578877617868000e+02
1.093401062199000e+02 1.240318762022000e+02 2.625290805842500e+02
1.111508838819500e+02 1.239822877991500e+02 2.669524340962500e+02
1.131307129053500e+02 1.239526194980500e+02 2.711065860140500e+02
1.154686800464500e+02 1.240009297196500e+02 2.752018669539500e+02
1.182314324714000e+02 1.241159776419000e+02 2.792152070876000e+02
1.210951202661000e+02 1.240913100262000e+02 2.830740173809000e+02
1.238053947402500e+02 1.239470364170000e+02 2.870898650530000e+02
1.261184827790500e+02 1.238463228159500e+02 2.916000544010000e+02
1.284518487830000e+02 1.237658692665000e+02 2.957261747254501e+02
1.316733050987500e+02 1.237034277818500e+02 2.987763307132000e+02
1.353545162389500e+02 1.236924465159000e+02 3.018056535004000e+02
1.386713327202500e+02 1.236967503746500e+02 3.053699840673000e+02
1.418647924023500e+02 1.237314838721500e+02 3.087859935276000e+02
1.450372034172000e+02 1.237712736024000e+02 3.118270911543501e+02
1.482405650722500e+02 1.237279042845000e+02 3.147108067217500e+02
1.518000515591000e+02 1.236780244548000e+02 3.175376597827501e+02
1.552406581607000e+02 1.236849106192000e+02 3.203706881728000e+02
1.587298031565000e+02 1.236350476410500e+02 3.228984033694500e+02
1.632817145268000e+02 1.235400420244000e+02 3.249650166305000e+02
1.685218315968500e+02 1.235094953797000e+02 3.272161599172500e+02
1.736166060198000e+02 1.235557023863000e+02 3.298258289730501e+02
1.785282707273000e+02 1.236531485326000e+02 3.322634017301000e+02
1.834459772936000e+02 1.236805576578000e+02 3.344206167250999e+02
1.882917975905500e+02 1.235524464969500e+02 3.365520030409500e+02
1.927321255976000e+02 1.234114947972500e+02 3.386165740593499e+02
1.969496288273500e+02 1.233530216494000e+02 3.404486283970000e+02
2.017320895799500e+02 1.233106806754500e+02 3.419671064399000e+02
2.072650948531000e+02 1.232904617053500e+02 3.431708657035500e+02
2.128163765374000e+02 1.232920952279500e+02 3.442845051523501e+02
2.179760975484000e+02 1.232783721320000e+02 3.452058935835000e+02
2.230261685637500e+02 1.232477624143000e+02 3.459092189031501e+02
2.282364574242000e+02 1.231593593281500e+02 3.467977637960500e+02
2.337347312238000e+02 1.231636830230000e+02 3.477550132075000e+02
2.394082753974000e+02 1.233020430759500e+02 3.485776603407500e+02
2.450009827288000e+02 1.232317695731500e+02 3.493588665243500e+02
2.506078757169500e+02 1.230043897960500e+02 3.498710312789500e+02
2.563369967277000e+02 1.229101346250500e+02 3.500160107006000e+02
2.620084249538500e+02 1.230035683736000e+02 3.498948542577500e+02
2.673777122179500e+02 1.232100740512500e+02 3.492996946228500e+02
2.726963768441500e+02 1.232278679982000e+02 3.484229226728000e+02
2.785311770000500e+02 1.230369153822500e+02 3.475952737695000e+02
2.846996080164000e+02 1.228957513814000e+02 3.466210155935500e+02
2.905405184679000e+02 1.228869381368000e+02 3.452979774206000e+02
2.958770360983501e+02 1.230484240583500e+02 3.432873836714001e+02
3.012494413933500e+02 1.231752333644000e+02 3.408844627688501e+02
3.069474224315000e+02 1.231222032768500e+02 3.389512537442001e+02
3.127648400706000e+02 1.231127856964000e+02 3.370851402987501e+02
3.185373189699500e+02 1.230838313437500e+02 3.346907118404500e+02
3.240902989010500e+02 1.229659912174500e+02 3.318716831509000e+02
3.296739963853501e+02 1.229512463021000e+02 3.285380046491000e+02
3.354543317544000e+02 1.229925737299000e+02 3.250070079443000e+02
3.410642993639000e+02 1.230822310520000e+02 3.215873550753000e+02
3.464401935700500e+02 1.232203649770500e+02 3.181101647866000e+02
3.518174631004000e+02 1.232496921711500e+02 3.146211943065500e+02
3.571128868134000e+02 1.231208156719000e+02 3.109111592917500e+02
3.619997456202000e+02 1.229612395962500e+02 3.066784920516500e+02
3.662940241678000e+02 1.229038325975000e+02 3.019863636082000e+02
3.697787898783000e+02 1.228420733100000e+02 2.968342857819000e+02
3.728038161873500e+02 1.227708685613500e+02 2.916552015509000e+02
3.764464087841000e+02 1.228100205482500e+02 2.872691211897000e+02
3.802013468357500e+02 1.228997752714000e+02 2.831647714154000e+02
3.822564812707500e+02 1.229466728863500e+02 2.784874702189500e+02
3.829230681101000e+02 1.229480215345000e+02 2.734976565942000e+02
3.842144683502000e+02 1.229667500118000e+02 2.683360525117500e+02
3.865300526406500e+02 1.229614180330500e+02 2.632029617465000e+02
3.884116730778000e+02 1.228664779516500e+02 2.583386349057000e+02
3.896158216244501e+02 1.227665080800500e+02 2.536204531933500e+02
3.914436106943499e+02 1.227571299338500e+02 2.490514594718000e+02
3.932532927750000e+02 1.228330821036500e+02 2.445352044643000e+02
3.939606177938001e+02 1.229461813653500e+02 2.404633450999500e+02
3.949219608469000e+02 1.230574239038500e+02 2.360410665251500e+02

CELLS 168 672
3 0 169 1
3 1 170 2
3 2 171 3
3 3 172 4
3 4 173 5
3 5 174 6
3 6 175 7
3 7 176 8
3 8 177 9
3 9 178 10
3 10 179 11
3 11 180 12
3 12 181 13
3 13 182 14
3 14 183 15
3 15 184 16
3 16 185 17
3 17 186 18
3 18 187 19
3 19 188 20
3 20 189 21
3 21 190 22
3 22 191 23
3 23 192 24
3 24 193 25
3 25 194 26
3 26 195 27
3 27 196 28
3 28 197 29
3 29 198 30
3 30 199 31
3 31 200 32
3 32 201 33
3 33 202 34
3 34 203 35
3 35 204 36
3 36 205 37
3 37 206 38
3 38 207 39
3 39 208 40
3 40 209 41
3 41 210 42
3 42 211 43
3 43 212 44
3 44 213 45
3 45 214 46
3 46 215 47
3 47 216 48
3 48 217 49
3 49 218 50
3 50 219 51
3 51 220 52
3 52 221 53
3 53 222 54
3 54 223 55
3 55 224 56
3 56 225 57
3 57 226 58
3 58 227 59
3 59 228 60
3 60 229 61
3 61 230 62
3 62 231 63
3 63 232 64
3 64 233 65
3 65 234 66
3 66 235 67
3 67 236 68
3 68 237 69
3 69 238 70
3 70 239 71
3 71 240 72
3 72 241 73
3 73 242 74
3 74 243 75
3 75 244 76
3 76 245 77
3 77 246 78
3 78 247 79
3 79 248 80
3 80 249 81
3 81 250 82
3 82 251 83
3 83 252 84
3 84 253 85
3 85 254 86
3 86 255 87
3 87 256 88
3 88 257 89
3 89 258 90
3 90 259 91
3 91 260 92
3 92 261 93
3 93 262 94
3 94 263 95
3 95 264 96
3 96 265 97
3 97 266 98
3 98 267 99
3 99 268 100
3 100 269 101
3 101 270 102
3 102 271 103
3 103 272 104
3 104 273 105
3 105 274 106
3 106 275 107
3 107 276 108
3 108 277 109
3 109 278 110
3 110 279 111
3 111 280 112
3 112 281 113
3 113 282 114
3 114 283 115
3 115 284 116
3 116 285 117
3 117 286 118
3 118 287 119
3 119 288 120
3 120 289 121
3 121 290 122
3 122 291 123
3 123 292 124
3 124 293 125
3 125 294 126
3 126 295 127
3 127 296 128
3 128 297 129
3 129 298 130
3 130 299 131
3 131 300 132
3 132 301 133
3 133 302 134
3 134 303 135
3 135 304 136
3 136 305 137
3 137 306 138
3 138 307 139
3 139 308 140
3 140 309 141
3 141 310 142
3 142 311 143
3 143 312 144
3 144 313 145
3 145 314 146
3 146 315 147
3 147 316 148
3 148 317 149
3 149 318 150
3 150 319 151
3 151 320 152
3 152 321 153
3 153 322 154
3 154 323 155
3 155 324 156
3 156 325 157
3 157 326 158
3 158 327 159
3 159 328 160
3 160 329 161
3 161 330 162
3 162 331 163
3 163 332 164
3 164 333 165
3 165 334 166
3 166 335 167
3 167 336 168

CELL_TYPES 168
4
4
4
4
4
4
4
4
4
4
4
4
4
4
4
4
4
4
4
4
4
4
4
4
4
4
4
4
4
4
4
4
4
4
4
4
4
4
4
4
4
4
4
4
4
4
4
4
4
4
4
4
4
4
4
4
4
4
4
4
4
4
4
4
4
4
4
4
4
4
4
4
4
4
4
4
4
4
4
4
4
4
4
4
4
4
4
4
4
4
4
4
4
4
4
4
4
4
4
4
4
4
4
4
4
4
4
4
4
4
4
4
4
4
4
4
4
4
4
4
4
4
4
4
4
4
4
4
4
4
4
4
4
4
4
4
4
4
4
4
4
4
4
4
4
4
4
4
4
4
4
4
4
4
4
4
4
4
4
4
4
4
4
4
4
4
4
4

POINT_DATA 337
VECTORS PK_force double
0.000000000000000e+00 0.000000000000000e+00 0.000000000000000e+00
0.000000000000000e+00 0.000000000000000e+00 0.000000000000000e+00
0.000000000000000e+00 0.000000000000000e+00 0.000000000000000e+00
0.000000000000000e+00 0.000000000000000e+00 0.000000000000000e+00
0.000000000000000e+00 0.000000000000000e+00 0.000000000000000e+00
0.000000000000000e+00 0.000000000000000e+00 0.000000000000000e+00
0.000000000000000e+00 0.000000000000000e+00 0.000000000000000e+00
0.000000000000000e+00 0.000000000000000e+00 0.000000000000000e+00
0.000000000000000e+00 0.000000000000000e+00 0.000000000000000e+00
0.000000000000000e+00 0.000000000000000e+00 0.000000000000000e+00
0.000000000000000e+00 0.000000000000000e+00 0.000000000000000e+00
0.000000000000000e+00 0.000000000000000e+00 0.000000000000000e+00
0.000000000000000e+00 0.000000000000000e+00 0.000000000000000e+00
0.000000000000000e+00 0.000000000000000e+00 0.000000000000000e+00
0.000000000000000e+00 0.000000000000000e+00 0.000000000000000e+00
0.000000000000000e+00 0.000000000000000e+00 0.000000000000000e+00
0.000000000000000e+00 0.000000000000000e+00 0.000000000000000e+00
0.000000000000000e+00 0.000000000000000e+00 0.000000000000000e+00
0.000000000000000e+00 0.000000000000000e+00 0.000000000000000e+00
0.000000000000000e+00 0.000000000000000e+00 0.000000000000000e+00
0.000000000000000e+00 0.000000000000000e+00 0.000000000000000e+00
0.000000000000000e+00 0.000000000000000e+00 0.000000000000000e+00
0.000000000000000e+00 0.000000000000000e+00 0.000000000000000e+00
0.000000000000000e+00 0.000000000000000e+00 0.000000000000000e+00
0.000000000000000e+00 0.000000000000000e+00 0.000000000000000e+00
0.000000000000000e+00 0.000000000000000e+00 0.000000000000000e+00
0.000000000000000e+00 0.000000000000000e+00 0.000000000000000e+00
0.000000000000000e+00 0.000000000000000e+00 0.000000000000000e+00
0.000000000000000e+00 0.000000000000000e+00 0.000000000000000e+00
0.000000000000000e+00 0.000000000000000e+00 0.000000000000000e+00
0.000000000000000e+00 0.000000000000000e+00 0.000000000000000e+00
0.000000000000000e+00 0.000000000000000e+00 0.000000000000000e+00
0.000000000000000e+00 0.000000000000000e+00 0.000000000000000e+00
0.000000000000000e+00 0.000000000000000e+00 0.000000000000000e+00
0.000000000000000e+00 0.000000000000000e+00 0.000000000000000e+00
0.000000000000000e+00 0.000000000000000e+00 0.000000000000000e+00
0.000000000000000e+00 0.000000000000000e+00 0.000000000000000e+00
0.000000000000000e+00 0.000000000000000e+00 0.000000000000000e+00
0.000000000000000e+00 0.000000000000000e+00 0.000000000000000e+00
0.000000000000000e+00 0.000000000000000e+00 0.000000000000000e+00
0.000000000000000e+00 0.000000000000000e+00 0.000000000000000e+00
0.000000000000000e+00 0.000000000000000e+00 0.000000000000000e+00
0.000000000000000e+00 0.000000000000000e+00 0.000000000000000e+00
0.000000000000000e+00 0.000000000000000e+00 0.000000000000000e+00
0.000000000000000e+00 0.000000000000000e+00 0.000000000000000e+00
0.000000000000000e+00 0.000000000000000e+00 0.000000000000000e+00
0.000000000000000e+00 0.000000000000000e+00 0.000000000000000e+00
0.000000000000000e+00 0.000000000000000e+00 0.000000000000000e+00
0.000000000000000e+00 0.000000000000000e+00 0.000000000000000e+00
0.000000000000000e+00 0.000000000000000e+00 0.000000000000000e+00
0.000000000000000e+00 0.000000000000000e+00 0.000000000000000e+00
0.000000000000000e+00 0.000000000000000e+00 0.000000000000000e+00
0.000000000000000e+00 0.000000000000000e+00 0.000000000000000e+00
0.000000000000000e+00 0.000000000000000e+00 0.000000000000000e+00
0.000000000000000e+00 0.000000000000000e+00 0.000000000000000e+00
0.000000000000000e+00 0.000000000000000e+00 0.000000000000000e+00
0.000000000000000e+00 0.000000000000000e+00 0.000000000000000e+00
0.000000000000000e+00 0.000000000000000e+00 0.000000000000000e+00
0.000000000000000e+00 0.000000000000000e+00 0.000000000000000e+00
0.000000000000000e+00 0.000000000000000e+00 0.000000000000000e+00
0.000000000000000e+00 0.000000000000000e+00 0.000000000000000e+00
0.000000000000000e+00 0.000000000000000e+00 0.000000000000000e+00
0.000000000000000e+00 0.000000000000000e+00 0.000000000000000e+00
0.000000000000000e+00 0.000000000000000e+00 0.000000000000000e+00
0.000000000000000e+00 0.000000000000000e+00 0.000000000000000e+00
0.000000000000000e+00 0.000000000000000e+00 0.000000000000000e+00
0.000000000000000e+00 0.000000000000000e+00 0.000000000000000e+00
0.000000000000000e+00 0.000000000000000e+00 0.000000000000000e+00
0.000000000000000e+00 0.000000000000000e+00 0.000000000000000e+00
0.000000000000000e+00 0.000000000000000e+00 0.000000000000000e+00
0.000000000000000e+00 0.000000000000000e+00 0.000000000000000e+00
0.000000000000000e+00 0.000000000000000e+00 0.000000000000000e+00
0.000000000000000e+00 0.000000000000000e+00 0.000000000000000e+00
0.000000000000000e+00 0.000000000000000e+00 0.000000000000000e+00
0.000000000000000e+00 0.000000000000000e+00 0.000000000000000e+00
0.000000000000000e+00 0.000000000000000e+00 0.000000000000000e+00
0.000000000000000e+00 0.000000000000000e+00 0.000000000000000e+00
0.000000000000000e+00 0.000000000000000e+00 0.000000000000000e+00
0.000000000000000e+00 0.000000000000000e+00 0.000000000000000e+00
0.000000000000000e+00 0.000000000000000e+00 0.000000000000000e+00
0.000000000000000e+00 0.000000000000000e+00 0.000000000000000e+00
0.000000000000000e+00 0.000000000000000e+00 0.000000000000000e+00
0.000000000000000e+00 0.000000000000000e+00 0.000000000000000e+00
0.000000000000000e+00 0.000000000000000e+00 0.000000000000000e+00
0.000000000000000e+00 0.000000000000000e+00 0.000000000000000e+00
0.000000000000000e+00 0.000000000000000e+00 0.000000000000000e+00
0.000000000000000e+00 0.000000000000000e+00 0.000000000000000e+00
0.000000000000000e+00 0.000000000000000e+00 0.000000000000000e+00
0.000000000000000e+00 0.000000000000000e+00 0.000000000000000e+00
0.000000000000000e+00 0.000000000000000e+00 0.000000000000000e+00
0.000000000000000e+00 0.000000000000000e+00 0.000000000000000e+00
0.000000000000000e+00 0.000000000000000e+00 0.000000000000000e+00
0.000000000000000e+00 0.000000000000000e+00 0.000000000000000e+00
0.000000000000000e+00 0.000000000000000e+00 0.000000000000000e+00
0.000000000000000e+00 0.000000000000000e+00 0.000000000000000e+00
0.000000000000000e+00 0.000000000000000e+00 0.000000000000000e+00
0.000000000000000e+00 0.000000000000000e+00 0.000000000000000e+00
0.000000000000000e+00 0.000000000000000e+00 0.000000000000000e+00
0.000000000000000e+00 0.000000000000000e+00 0.000000000000000e+00
0.000000000000000e+00 0.000000000000000e+00 0.000000000000000e+00
0.000000000000000e+00 0.000000000000000e+00 0.000000000000000e+00
0.000000000000000e+00 0.000000000000000e+00 0.000000000000000e+00
0.000000000000000e+00 0.000000000000000e+00 0.000000000000000e+00
0.000000000000000e+00 0.000000000000000e+00 0.000000000000000e+00
0.000000000000000e+00 0.000000000000000e+00 0.000000000000000e+00
0.000000000000000e+00 0.000000000000000e+00 0.000000000000000e+00
0.000000000000000e+00 0.000000000000000e+00 0.000000000000000e+00
0.000000000000000e+00 0.000000000000000e+00 0.000000000000000e+00
0.000000000000000e+00 0.000000000000000e+00 0.000000000000000e+00
0.000000000000000e+00 0.000000000000000e+00 0.000000000000000e+00
0.000000000000000e+00 0.000000000000000e+00 0.000000000000000e+00
0.000000000000000e+00 0.000000000000000e+00 0.000000000000000e+00
0.000000000000000e+00 0.000000000000000e+00 0.000000000000000e+00
0.000000000000000e+00 0.000000000000000e+00 0.000000000000000e+00
0.000000000000000e+00 0.000000000000000e+00 0.000000000000000e+00
0.000000000000000e+00 0.000000000000000e+00 0.000000000000000e+00
0.000000000000000e+00 0.000000000000000e+00 0.000000000000000e+00
0.000000000000000e+00 0.000000000000000e+00 0.000000000000000e+00
0.000000000000000e+00 0.000000000000000e+00 0.000000000000000e+00
0.000000000000000e+00 0.000000000000000e+00 0.000000000000000e+00
0.000000000000000e+00 0.000000000000000e+00 0.000000000000000e+00
0.000000000000000e+00 0.000000000000000e+00 0.000000000000000e+00
0.000000000000000e+00 0.000000000000000e+00 0.000000000000000e+00
0.000000000000000e+00 0.000000000000000e+00 0.000000000000000e+00
0.000000000000000e+00 0.000000000000000e+00 0.000000000000000e+00
0.000000000000000e+00 0.000000000000000e+00 0.000000000000000e+00
0.000000000000000e+00 0.000000000000000e+00 0.000000000000000e+00
0.000000000000000e+00 0.000000000000000e+00 0.000000000000000e+00
0.000000000000000e+00 0.000000000000000e+00 0.000000000000000e+00
0.000000000000000e+00 0.000000000000000e+00 0.000000000000000e+00
0.000000000000000e+00 0.000000000000000e+00 0.000000000000000e+00
0.000000000000000e+00 0.000000000000000e+00 0.000000000000000e+00
0.000000000000000e+00 0.000000000000000e+00 0.000000000000000e+00
0.000000000000000e+00 0.000000000000000e+00 0.000000000000000e+00
0.000000000000000e+00 0.000000000000000e+00 0.000000000000000e+00
0.000000000000000e+00 0.000000000000000e+00 0.000000000000000e+00
0.000000000000000e+00 0.000000000000000e+00 0.000000000000000e+00
0.000000000000000e+00 0.000000000000000e+00 0.000000000000000e+00
0.000000000000000e+00 0.000000000000000e+00 0.000000000000000e+00
0.000000000000000e+00 0.000000000000000e+00 0.000000000000000e+00
0.000000000000000e+00 0.000000000000000e+00 0.000000000000000e+00
0.000000000000000e+00 0.000000000000000e+00 0.000000000000000e+00
0.000000000000000e+00 0.000000000000000e+00 0.000000000000000e+00
0.000000000000000e+00 0.000000000000000e+00 0.000000000000000e+00
0.000000000000000e+00 0.000000000000000e+00 0.000000000000000e+00
0.000000000000000e+00 0.000000000000000e+00 0.000000000000000e+00
0.000000000000000e+00 0.000000000000000e+00 0.000000000000000e+00
0.000000000000000e+00 0.000000000000000e+00 0.000000000000000e+00
0.000000000000000e+00 0.000000000000000e+00 0.000000000000000e+00
0.000000000000000e+00 0.000000000000000e+00 0.000000000000000e+00
0.000000000000000e+00 0.000000000000000e+00 0.000000000000000e+00
0.000000000000000e+00 0.000000000000000e+00 0.000000000000000e+00
0.000000000000000e+00 0.000000000000000e+00 0.000000000000000e+00
0.000000000000000e+00 0.000000000000000e+00 0.000000000000000e+00
0.000000000000000e+00 0.000000000000000e+00 0.000000000000000e+00
0.000000000000000e+00 0.000000000000000e+00 0.000000000000000e+00
0.000000000000000e+00 0.000000000000000e+00 0.000000000000000e+00
0.000000000000000e+00 0.000000000000000e+00 0.000000000000000e+00
0.000000000000000e+00 0.000000000000000e+00 0.000000000000000e+00
0.000000000000000e+00 0.000000000000000e+00 0.000000000000000e+00
0.000000000000000e+00 0.000000000000000e+00 0.000000000000000e+00
0.000000000000000e+00 0.000000000000000e+00 0.000000000000000e+00
0.000000000000000e+00 0.000000000000000e+00 0.000000000000000e+00
0.000000000000000e+00 0.000000000000000e+00 0.000000000000000e+00
0.000000000000000e+00 0.000000000000000e+00 0.000000000000000e+00
0.000000000000000e+00 0.000000000000000e+00 0.000000000000000e+00
0.000000000000000e+00 0.000000000000000e+00 0.000000000000000e+00
0.000000000000000e+00 0.000000000000000e+00 0.000000000000000e+00
0.000000000000000e+00 0.000000000000000e+00 0.000000000000000e+00
 4.755579394345347e-03 -1.517015844738181e-03  6.070465022214011e-04
 9.401882921181931e-03 -1.015785894957078e-03  6.765502231963059e-04
 1.025263704511335e-02 -5.844811527033413e-04  1.342851043320522e-03
5.855656703105293e-03 1.857378828237829e-03 6.908831986995037e-04
 7.355356434486144e-03  1.840896796993816e-03 -6.434824308086619e-04
 1.714248136868602e-02  1.553881694191257e-03 -1.031344894009976e-03
 1.322959410671989e-02 -6.570871799845145e-04  3.430804086000046e-03
 5.534858363325036e-04 -2.591819373301246e-03  9.372729346031800e-05
-9.697642209702726e-04  1.388803009683886e-04  1.713628596455765e-04
 7.982994434435783e-03  2.570886846123290e-03 -2.115887726170685e-03
 1.034984358035143e-02 -2.937124549323669e-05 -1.373858971882763e-03
 5.820672698859319e-03 -3.429372123318665e-03 -8.432891410965637e-04
 2.742321376735847e-03 -1.087726726717485e-03 -6.339051392162074e-04
 8.776775205474330e-04  2.589886855142147e-03 -3.442277347662263e-04
 2.781308154939608e-03  1.495720070600378e-03 -1.547963398001641e-03
 8.768420434288809e-03  4.445765441951208e-05 -5.534200894678197e-03
 1.304713369448313e-02  1.993125946723044e-04 -6.095150974225086e-03
 9.307292837994757e-03 -1.708902480220970e-04 -2.971417961786519e-03
 2.014655927617718e-03 -5.144536711874493e-04 -8.097923841523646e-04
 5.287259879970875e-04  3.845563971631733e-04 -3.352936222959313e-04
 3.572950557454482e-03  2.171883734828790e-04 -2.802418869984346e-03
 6.479555709263066e-03 -9.864659199443897e-04 -4.951570665742706e-03
 6.200273753600199e-03 -5.707845203578011e-04 -4.156325257986503e-03
 8.672089042077970e-07  2.512133444023840e-03 -5.007936918195185e-05
-5.535203729119160e-03  2.477615692897805e-03  5.185691934716049e-03
-2.261827337959015e-03 -8.748355983229849e-04  3.629180262312662e-03
 2.644231974192906e-03 -2.240653554543721e-03 -5.272181498469674e-03
 7.444757378891124e-03 -1.397081393497050e-03 -1.310957317834330e-02
 1.126530564906502e-02  7.493101829536016e-05 -1.316463095495516e-02
 6.519524494849818e-03  9.335702399466794e-04 -5.678386204882202e-03
-7.572512665111017e-04  1.622092791690930e-03  8.408348542427158e-04
-1.433241760763249e-03  2.196833465590721e-04  2.343674319625168e-03
 3.131198833228530e-04 -5.705849934478267e-04 -6.535184140615230e-04
 2.023177941265936e-03  4.739338650376432e-04 -4.741921369228339e-03
 2.708324895680427e-03  7.456364917506411e-04 -5.588657816554573e-03
 2.204309107617837e-03  4.488065950283353e-04 -5.157244357354236e-03
 2.460260040572600e-03 -4.005856451081861e-04 -6.018499020691348e-03
 1.959529205604889e-03 -8.202925824524542e-04 -4.404933743396173e-03
 3.706212293460628e-04  9.320743455093198e-04 -9.934840645516036e-04
-6.554686658538457e-04  1.345226840597256e-03  2.288302629586251e-03
 1.079035513234716e-04 -7.820001546869895e-04 -1.504273265774423e-03
 1.112233152990340e-03 -1.807525861479637e-03 -1.125143755702175e-02
 3.090983186180095e-03 -1.352865618026807e-03 -1.056499893124736e-02
 1.115894601547023e-03  2.740938619820567e-04 -4.991034649690409e-03
 5.865057178041246e-04  1.430536172277403e-03 -3.630852823292311e-03
 3.904281560816019e-04 -1.145814411309622e-03 -4.488642275717767e-03
 5.381820923069641e-04 -3.141189473112809e-03 -6.748076304654052e-03
 5.704680906873803e-04  1.137204011647850e-03 -6.326211433543175e-03
 2.856517889402390e-04  3.626810439736486e-03 -3.011802271559812e-03
 1.672423353907926e-05  3.623568664426934e-04 -1.037374250493719e-03
-1.908885736356481e-04 -1.424977966898539e-03 -2.123556452967778e-03
-4.213054267302289e-04 -8.401772648926746e-04 -3.840999428486744e-03
-5.185488378473008e-04  2.435654878036879e-04 -3.834522962847443e-03
-3.147272638255505e-04  7.910830888139013e-04 -1.994698889783285e-03
-1.690413213880629e-04 -3.398979555251585e-04 -6.399443600268938e-04
-6.472944923391856e-04 -6.722761604118772e-04 -1.924711456634241e-03
-1.319099160370063e-03 -3.537721518597256e-04 -3.386898777277032e-03
-3.691868453840318e-03 -8.628445886863244e-04 -7.422556766825918e-03
-4.926911846013834e-03 -3.531555076207447e-04 -1.225277985829961e-02
-3.559291714868522e-03  7.369580704617721e-04 -1.138364889400410e-02
-2.405270414922991e-03  1.002199940706589e-03 -8.086749892000976e-03
-5.638720957705689e-04  1.008245021312508e-03 -2.061986592323631e-03
1.659713859393837e-03 5.590542798451897e-04 3.748185050267160e-03
 5.441410512063475e-04 -4.102908244245664e-04  7.673143288918844e-04
-4.242372857170026e-03 -3.541573121125926e-04 -5.672502364363695e-03
-3.658708018882467e-03 -4.372281159544696e-04 -6.447532224469608e-03
 9.028577898350497e-05 -9.135191641918277e-06  1.607501616773461e-04
2.893140598992430e-03 2.807717546667707e-04 3.397414196635018e-03
 3.120318110028411e-05 -1.485647775488296e-03  5.566580486894606e-05
-4.842778035152746e-03 -1.599795177062563e-03 -3.731077374766671e-03
-5.440883457902476e-03  1.967721828682582e-05 -4.632240451157219e-03
-3.865185794675021e-03  1.186845670576644e-03 -3.035922392556329e-03
-4.219339475942856e-03  1.160412576696088e-03 -2.815166573336823e-03
-4.245581287848234e-03  2.135599710815122e-04 -2.546447920161759e-03
-4.819141311040758e-03 -4.821115050734842e-04 -2.225926855445107e-03
-6.309371453369046e-03 -7.662776802537463e-04 -2.853527044016967e-03
-3.287653972871365e-03 -1.503764376036337e-04 -1.481947033183694e-03
-3.936030296208995e-03  1.163597851680655e-03 -7.544306318140343e-04
-1.179319610428480e-02  8.024886737284967e-05 -2.050708707347478e-03
-1.183831394477429e-02 -8.826210407714978e-04 -4.182881770755736e-03
-8.196125353241868e-03 -7.245727686020203e-04 -2.627271167929706e-03
-6.458224667645267e-03 -4.671174667557621e-05 -1.761049767256024e-03
-4.851904669460660e-03  7.699619532921502e-04 -8.241232901440882e-04
-7.532109521080878e-03 -3.588190909789289e-04 -3.219165954558029e-04
-9.077749019187909e-03 -4.917056177365383e-04 -9.939843449271453e-04
-4.667367334126766e-03  1.174299854016393e-03 -3.723555323178785e-04
-6.423191746420190e-03 -3.059496059047896e-04  7.713735989113412e-04
-1.318490140542470e-02 -2.172527593605220e-03  9.606347013325672e-04
-9.682549984978821e-03  6.475305415791714e-04 -8.077561656751021e-04
-1.433835188246166e-03  2.849591107402567e-03  3.522054853649817e-05
-4.467098066531305e-03  7.871314455686456e-05  1.413212986785903e-03
-1.569122190078904e-02 -2.119047575407121e-03  4.765360327701956e-03
-1.692988820275361e-02 -1.603686802914562e-04 -1.917010507597539e-05
-5.099735362545903e-03  4.777411137432783e-04 -3.344291499567026e-04
-5.238398333694300e-04 -1.144321917890222e-03  1.390491254194647e-04
-7.401285103177240e-03 -6.470767056410729e-04  2.629583512806676e-03
-7.006043671554841e-03 -1.965989830652106e-04  1.464071235017198e-03
-2.987644879050465e-03  2.052559597887011e-05  1.092549978646537e-03
-3.725041114001205e-03  6.943276086975010e-04  1.710535641086229e-03
-3.154211300616584e-03  1.663622728788619e-03  1.575378401088678e-03
-3.176056094513491e-03  7.301268911376730e-04  2.031237509034942e-03
-5.485119969422599e-03 -2.715337312578406e-03  4.084549555866583e-03
-8.717132458012202e-03 -2.494856453397898e-03  6.463688240612333e-03
-1.089197560285863e-02  2.575028141724538e-04  6.604635729289344e-03
-3.630520427935444e-03  3.677993604271836e-04  1.565579280525001e-03
 4.874030849130154e-03  5.746162731916388e-04 -3.642128067613903e-03
-1.215982264040225e-03  1.093705080104070e-03  1.795043506408214e-03
-8.015554087361850e-03  7.256019790378085e-04  8.221667534150344e-03
-5.997114922967074e-03  6.561590061580382e-04  5.043896492324416e-03
-3.224167100327920e-03 -1.324862856534529e-04  3.369621419183736e-03
-2.888978756252127e-03 -1.425889010699784e-03  3.015433778550633e-03
-2.007510536754864e-03 -3.728054672303196e-04  2.359674892093216e-03
-2.609564039629334e-03  4.160981735478286e-04  3.490164494347852e-03
-7.364292512969415e-05 -9.400288869634240e-04  8.601819298030014e-05
 1.981633725987845e-03 -3.860214415562018e-04 -3.492082648713694e-03
-1.143046258338509e-03  9.391112751911438e-04  3.141667493898639e-03
-4.173011648111779e-03  1.075463943561873e-03  8.489520222688573e-03
-3.418627163766091e-03  4.587787756688253e-04  6.383213898998539e-03
-2.352783483165081e-03 -1.160981195378975e-03  5.202421610938122e-03
-2.829220376602258e-03 -2.014244145234323e-03  6.675459461261374e-03
-3.064391401947855e-03 -5.615033050022928e-04  6.603867634466667e-03
-1.634613310085746e-03  8.130053188134366e-04  3.513416266833293e-03
 3.282134445966122e-05  6.170123126477136e-04 -7.087343092609496e-05
 1.388159597510064e-05  5.494764195959370e-04 -3.313686197190183e-05
-7.436771568162161e-04  3.580750589023245e-04  3.969093034396386e-03
-1.092381710528195e-03 -7.898658093150772e-05  5.074882173509131e-03
-8.014619768751087e-04 -2.175975757353813e-04  5.737002168662796e-03
-1.198475219828321e-03 -2.361728678346922e-04  8.608850793870308e-03
-1.541325560662512e-03  9.876175285500940e-04  7.799142507658619e-03
-9.118496352253013e-04  8.669895001020226e-04  5.971081554721936e-03
-7.454677515984475e-04 -1.875567430028652e-03  5.607237419033630e-03
-4.588832685260463e-04 -1.430071611948879e-03  2.799061202149253e-03
-5.131421152573028e-06  1.426359026884768e-03  1.092593094669226e-03
-1.333255489526110e-06  2.314072507257705e-03  9.949826287629351e-04
-5.985914420382949e-05  1.148839576433977e-03 -4.014146514131792e-04
 4.101331973065729e-04 -1.965048335757989e-03  1.837134868538981e-03
 7.775896729322696e-04 -2.170503539518916e-03  5.578706737348265e-03
5.605107675378531e-04 2.992815676774833e-04 4.153164377110069e-03
1.569679011158345e-04 1.648614385415807e-03 7.362368771845137e-04
-5.361752599221102e-04  1.943964256678328e-03 -1.871815765917409e-03
 1.235123985228335e-03 -2.573669298661932e-04  2.509912731850185e-03
 4.006925774507671e-03 -1.667802784763240e-03  9.755524960292576e-03
 2.031011917208662e-03 -1.189823215991417e-04  7.530577074835522e-03
 8.603918074737702e-04 -3.587338572324388e-04  2.304726574516404e-03
 7.190595976464196e-04 -6.497972817606429e-04  1.599383589952155e-03
1.369858527723248e-03 1.002321282340882e-03 2.421350175931568e-03
3.224474801213512e-03 8.847944443064476e-04 5.107894723499391e-03
3.622266921149481e-03 6.607275166792588e-04 6.157241409590486e-03
3.305936004830218e-03 2.465944778871920e-04 5.242722513751599e-03
 3.545166594027606e-03 -1.439600196960574e-03  5.309855657564012e-03
 2.160056742442161e-03 -1.950896664703531e-03  3.427181105610260e-03
 2.758984604451406e-04 -6.711045986302020e-04  3.933589399941736e-04
-3.522491189822437e-04  8.969611695170125e-04 -3.842071673629914e-04
-3.061062887852726e-04  2.753494006451960e-04 -2.491829551427072e-04
4.070629242189576e-03 4.092673417765023e-04 2.237147661044101e-03
1.132689679071344e-02 1.824126445522964e-03 7.008812360085356e-03
4.958691091618799e-03 8.970102146219396e-04 5.491913626323703e-03
-5.788273842419932e-03 -4.119910786916467e-04 -4.351088852807972e-03
-5.028773111034375e-03 -9.863493666928333e-04 -8.352084987594445e-04
 1.147288963583384e-02 -6.368359253541485e-05  1.166656468734236e-03
 1.490465403577369e-02 -6.564592301924991e-04  5.806053493143283e-03
 7.339949452970950e-03 -1.446747569632987e-03  3.810272883864135e-03
5.893706834658207e-03 6.545041895814342e-05 1.484752732298528e-03
1.365797515700830e-02 2.293131306970763e-03 3.495180346050313e-03
8.038109719356226e-03 2.155584003793727e-03 4.421340875411543e-03
1.547854367573801e-03 1.520361973632093e-03 4.318060743538361e-04
 9.403346317869508e-03 -2.871444573469530e-04  6.407309994991151e-04
 8.985976732252429e-03 -2.105629844651867e-03  2.824611957967780e-03

TENSORS stress double
0.000000000000000e+00 0.000000000000000e+00 0.000000000000000e+00
0.000000000000000e+00 0.000000000000000e+00 0.000000000000000e+00
0.000000000000000e+00 0.000000000000000e+00 0.000000000000000e+00

0.000000000000000e+00 0.000000000000000e+00 0.000000000000000e+00
0.000000000000000e+00 0.000000000000000e+00 0.000000000000000e+00
0.000000000000000e+00 0.000000000000000e+00 0.000000000000000e+00

0.000000000000000e+00 0.000000000000000e+00 0.000000000000000e+00
0.000000000000000e+00 0.000000000000000e+00 0.000000000000000e+00
0.000000000000000e+00 0.000000000000000e+00 0.000000000000000e+00

0.000000000000000e+00 0.000000000000000e+00 0.000000000000000e+00
0.000000000000000e+00 0.000000000000000e+00 0.000000000000000e+00
0.000000000000000e+00 0.000000000000000e+00 0.000000000000000e+00

0.000000000000000e+00 0.000000000000000e+00 0.000000000000000e+00
0.000000000000000e+00 0.000000000000000e+00 0.000000000000000e+00
0.000000000000000e+00 0.000000000000000e+00 0.000000000000000e+00

0.000000000000000e+00 0.000000000000000e+00 0.000000000000000e+00
0.000000000000000e+00 0.000000000000000e+00 0.000000000000000e+00
0.000000000000000e+00 0.000000000000000e+00 0.000000000000000e+00

0.000000000000000e+00 0.000000000000000e+00 0.000000000000000e+00
0.000000000000000e+00 0.000000000000000e+00 0.000000000000000e+00
0.000000000000000e+00 0.000000000000000e+00 0.000000000000000e+00

0.000000000000000e+00 0.000000000000000e+00 0.000000000000000e+00
0.000000000000000e+00 0.000000000000000e+00 0.000000000000000e+00
0.000000000000000e+00 0.000000000000000e+00 0.000000000000000e+00

0.000000000000000e+00 0.000000000000000e+00 0.000000000000000e+00
0.000000000000000e+00 0.000000000000000e+00 0.000000000000000e+00
0.000000000000000e+00 0.000000000000000e+00 0.000000000000000e+00

0.000000000000000e+00 0.000000000000000e+00 0.000000000000000e+00
0.000000000000000e+00 0.000000000000000e+00 0.000000000000000e+00
0.000000000000000e+00 0.000000000000000e+00 0.000000000000000e+00

0.000000000000000e+00 0.000000000000000e+00 0.000000000000000e+00
0.000000000000000e+00 0.000000000000000e+00 0.000000000000000e+00
0.000000000000000e+00 0.000000000000000e+00 0.000000000000000e+00

0.000000000000000e+00 0.000000000000000e+00 0.000000000000000e+00
0.000000000000000e+00 0.000000000000000e+00 0.000000000000000e+00
0.000000000000000e+00 0.000000000000000e+00 0.000000000000000e+00

0.000000000000000e+00 0.000000000000000e+00 0.000000000000000e+00
0.000000000000000e+00 0.000000000000000e+00 0.000000000000000e+00
0.000000000000000e+00 0.000000000000000e+00 0.000000000000000e+00

0.000000000000000e+00 0.000000000000000e+00 0.000000000000000e+00
0.000000000000000e+00 0.000000000000000e+00 0.000000000000000e+00
0.000000000000000e+00 0.000000000000000e+00 0.000000000000000e+00

0.000000000000000e+00 0.000000000000000e+00 0.000000000000000e+00
0.000000000000000e+00 0.000000000000000e+00 0.000000000000000e+00
0.000000000000000e+00 0.000000000000000e+00 0.000000000000000e+00

0.000000000000000e+00 0.000000000000000e+00 0.000000000000000e+00
0.000000000000000e+00 0.000000000000000e+00 0.000000000000000e+00
0.000000000000000e+00 0.000000000000000e+00 0.000000000000000e+00

0.000000000000000e+00 0.000000000000000e+00 0.000000000000000e+00
0.000000000000000e+00 0.000000000000000e+00 0.000000000000000e+00
0.000000000000000e+00 0.000000000000000e+00 0.000000000000000e+00

0.000000000000000e+00 0.000000000000000e+00 0.000000000000000e+00
0.000000000000000e+00 0.000000000000000e+00 0.000000000000000e+00
0.000000000000000e+00 0.000000000000000e+00 0.000000000000000e+00

0.000000000000000e+00 0.000000000000000e+00 0.000000000000000e+00
0.000000000000000e+00 0.000000000000000e+00 0.000000000000000e+00
0.000000000000000e+00 0.000000000000000e+00 0.000000000000000e+00

0.000000000000000e+00 0.000000000000000e+00 0.000000000000000e+00
0.000000000000000e+00 0.000000000000000e+00 0.000000000000000e+00
0.000000000000000e+00 0.000000000000000e+00 0.000000000000000e+00

0.000000000000000e+00 0.000000000000000e+00 0.000000000000000e+00
0.000000000000000e+00 0.000000000000000e+00 0.000000000000000e+00
0.000000000000000e+00 0.000000000000000e+00 0.000000000000000e+00

0.000000000000000e+00 0.000000000000000e+00 0.000000000000000e+00
0.000000000000000e+00 0.000000000000000e+00 0.000000000000000e+00
0.000000000000000e+00 0.000000000000000e+00 0.000000000000000e+00

0.000000000000000e+00 0.000000000000000e+00 0.000000000000000e+00
0.000000000000000e+00 0.000000000000000e+00 0.000000000000000e+00
0.000000000000000e+00 0.000000000000000e+00 0.000000000000000e+00

0.000000000000000e+00 0.000000000000000e+00 0.000000000000000e+00
0.000000000000000e+00 0.000000000000000e+00 0.000000000000000e+00
0.000000000000000e+00 0.000000000000000e+00 0.000000000000000e+00

0.000000000000000e+00 0.000000000000000e+00 0.000000000000000e+00
0.000000000000000e+00 0.000000000000000e+00 0.000000000000000e+00
0.000000000000000e+00 0.000000000000000e+00 0.000000000000000e+00

0.000000000000000e+00 0.000000000000000e+00 0.000000000000000e+00
0.000000000000000e+00 0.000000000000000e+00 0.000000000000000e+00
0.000000000000000e+00 0.000000000000000e+00 0.000000000000000e+00

0.000000000000000e+00 0.000000000000000e+00 0.000000000000000e+00
0.000000000000000e+00 0.000000000000000e+00 0.000000000000000e+00
0.000000000000000e+00 0.000000000000000e+00 0.000000000000000e+00

0.000000000000000e+00 0.000000000000000e+00 0.000000000000000e+00
0.000000000000000e+00 0.000000000000000e+00 0.000000000000000e+00
0.000000000000000e+00 0.000000000000000e+00 0.000000000000000e+00

0.000000000000000e+00 0.000000000000000e+00 0.000000000000000e+00
0.000000000000000e+00 0.000000000000000e+00 0.000000000000000e+00
0.000000000000000e+00 0.000000000000000e+00 0.000000000000000e+00

0.000000000000000e+00 0.000000000000000e+00 0.000000000000000e+00
0.000000000000000e+00 0.000000000000000e+00 0.000000000000000e+00
0.000000000000000e+00 0.000000000000000e+00 0.000000000000000e+00

0.000000000000000e+00 0.000000000000000e+00 0.000000000000000e+00
0.000000000000000e+00 0.000000000000000e+00 0.000000000000000e+00
0.000000000000000e+00 0.000000000000000e+00 0.000000000000000e+00

0.000000000000000e+00 0.000000000000000e+00 0.000000000000000e+00
0.000000000000000e+00 0.000000000000000e+00 0.000000000000000e+00
0.000000000000000e+00 0.000000000000000e+00 0.000000000000000e+00

0.000000000000000e+00 0.000000000000000e+00 0.000000000000000e+00
0.000000000000000e+00 0.000000000000000e+00 0.000000000000000e+00
0.000000000000000e+00 0.000000000000000e+00 0.000000000000000e+00

0.000000000000000e+00 0.000000000000000e+00 0.000000000000000e+00
0.000000000000000e+00 0.000000000000000e+00 0.000000000000000e+00
0.000000000000000e+00 0.000000000000000e+00 0.000000000000000e+00

0.000000000000000e+00 0.000000000000000e+00 0.000000000000000e+00
0.000000000000000e+00 0.000000000000000e+00 0.000000000000000e+00
0.000000000000000e+00 0.000000000000000e+00 0.000000000000000e+00

0.000000000000000e+00 0.000000000000000e+00 0.000000000000000e+00
0.000000000000000e+00 0.000000000000000e+00 0.000000000000000e+00
0.000000000000000e+00 0.000000000000000e+00 0.000000000000000e+00

0.000000000000000e+00 0.000000000000000e+00 0.000000000000000e+00
0.000000000000000e+00 0.000000000000000e+00 0.000000000000000e+00
0.000000000000000e+00 0.000000000000000e+00 0.000000000000000e+00

0.000000000000000e+00 0.000000000000000e+00 0.000000000000000e+00
0.000000000000000e+00 0.000000000000000e+00 0.000000000000000e+00
0.000000000000000e+00 0.000000000000000e+00 0.000000000000000e+00

0.000000000000000e+00 0.000000000000000e+00 0.000000000000000e+00
0.000000000000000e+00 0.000000000000000e+00 0.000000000000000e+00
0.000000000000000e+00 0.000000000000000e+00 0.000000000000000e+00

0.000000000000000e+00 0.000000000000000e+00 0.000000000000000e+00
0.000000000000000e+00 0.000000000000000e+00 0.000000000000000e+00
0.000000000000000e+00 0.000000000000000e+00 0.000000000000000e+00

0.000000000000000e+00 0.000000000000000e+00 0.000000000000000e+00
0.000000000000000e+00 0.000000000000000e+00 0.000000000000000e+00
0.000000000000000e+00 0.000000000000000e+00 0.000000000000000e+00

0.000000000000000e+00 0.000000000000000e+00 0.000000000000000e+00
0.000000000000000e+00 0.000000000000000e+00 0.000000000000000e+00
0.000000000000000e+00 0.000000000000000e+00 0.000000000000000e+00

0.000000000000000e+00 0.000000000000000e+00 0.000000000000000e+00
0.000000000000000e+00 0.000000000000000e+00 0.000000000000000e+00
0.000000000000000e+00 0.000000000000000e+00 0.000000000000000e+00

0.000000000000000e+00 0.000000000000000e+00 0.000000000000000e+00
0.000000000000000e+00 0.000000000000000e+00 0.000000000000000e+00
0.000000000000000e+00 0.000000000000000e+00 0.000000000000000e+00

0.000000000000000e+00 0.000000000000000e+00 0.000000000000000e+00
0.000000000000000e+00 0.000000000000000e+00 0.000000000000000e+00
0.000000000000000e+00 0.000000000000000e+00 0.000000000000000e+00

0.000000000000000e+00 0.000000000000000e+00 0.000000000000000e+00
0.000000000000000e+00 0.000000000000000e+00 0.000000000000000e+00
0.000000000000000e+00 0.000000000000000e+00 0.000000000000000e+00

0.000000000000000e+00 0.000000000000000e+00 0.000000000000000e+00
0.000000000000000e+00 0.000000000000000e+00 0.000000000000000e+00
0.000000000000000e+00 0.000000000000000e+00 0.000000000000000e+00

0.000000000000000e+00 0.000000000000000e+00 0.000000000000000e+00
0.000000000000000e+00 0.000000000000000e+00 0.000000000000000e+00
0.000000000000000e+00 0.000000000000000e+00 0.000000000000000e+00

0.000000000000000e+00 0.000000000000000e+00 0.000000000000000e+00
0.000000000000000e+00 0.000000000000000e+00 0.000000000000000e+00
0.000000000000000e+00 0.000000000000000e+00 0.000000000000000e+00

0.000000000000000e+00 0.000000000000000e+00 0.000000000000000e+00
0.000000000000000e+00 0.000000000000000e+00 0.000000000000000e+00
0.000000000000000e+00 0.000000000000000e+00 0.000000000000000e+00

0.000000000000000e+00 0.000000000000000e+00 0.000000000000000e+00
0.000000000000000e+00 0.000000000000000e+00 0.000000000000000e+00
0.000000000000000e+00 0.000000000000000e+00 0.000000000000000e+00

0.000000000000000e+00 0.000000000000000e+00 0.000000000000000e+00
0.000000000000000e+00 0.000000000000000e+00 0.000000000000000e+00
0.000000000000000e+00 0.000000000000000e+00 0.000000000000000e+00

0.000000000000000e+00 0.000000000000000e+00 0.000000000000000e+00
0.000000000000000e+00 0.000000000000000e+00 0.000000000000000e+00
0.000000000000000e+00 0.000000000000000e+00 0.000000000000000e+00

0.000000000000000e+00 0.000000000000000e+00 0.000000000000000e+00
0.000000000000000e+00 0.000000000000000e+00 0.000000000000000e+00
0.000000000000000e+00 0.000000000000000e+00 0.000000000000000e+00

0.000000000000000e+00 0.000000000000000e+00 0.000000000000000e+00
0.000000000000000e+00 0.000000000000000e+00 0.000000000000000e+00
0.000000000000000e+00 0.000000000000000e+00 0.000000000000000e+00

0.000000000000000e+00 0.000000000000000e+00 0.000000000000000e+00
0.000000000000000e+00 0.000000000000000e+00 0.000000000000000e+00
0.000000000000000e+00 0.000000000000000e+00 0.000000000000000e+00

0.000000000000000e+00 0.000000000000000e+00 0.000000000000000e+00
0.000000000000000e+00 0.000000000000000e+00 0.000000000000000e+00
0.000000000000000e+00 0.000000000000000e+00 0.000000000000000e+00

0.000000000000000e+00 0.000000000000000e+00 0.000000000000000e+00
0.000000000000000e+00 0.000000000000000e+00 0.000000000000000e+00
0.000000000000000e+00 0.000000000000000e+00 0.000000000000000e+00

0.000000000000000e+00 0.000000000000000e+00 0.000000000000000e+00
0.000000000000000e+00 0.000000000000000e+00 0.000000000000000e+00
0.000000000000000e+00 0.000000000000000e+00 0.000000000000000e+00

0.000000000000000e+00 0.000000000000000e+00 0.000000000000000e+00
0.000000000000000e+00 0.000000000000000e+00 0.000000000000000e+00
0.000000000000000e+00 0.000000000000000e+00 0.000000000000000e+00

0.000000000000000e+00 0.000000000000000e+00 0.000000000000000e+00
0.000000000000000e+00 0.000000000000000e+00 0.000000000000000e+00
0.000000000000000e+00 0.000000000000000e+00 0.000000000000000e+00

0.000000000000000e+00 0.000000000000000e+00 0.000000000000000e+00
0.000000000000000e+00 0.000000000000000e+00 0.000000000000000e+00
0.000000000000000e+00 0.000000000000000e+00 0.000000000000000e+00

0.000000000000000e+00 0.000000000000000e+00 0.000000000000000e+00
0.000000000000000e+00 0.000000000000000e+00 0.000000000000000e+00
0.000000000000000e+00 0.000000000000000e+00 0.000000000000000e+00

0.000000000000000e+00 0.000000000000000e+00 0.000000000000000e+00
0.000000000000000e+00 0.000000000000000e+00 0.000000000000000e+00
0.000000000000000e+00 0.000000000000000e+00 0.000000000000000e+00

0.000000000000000e+00 0.000000000000000e+00 0.000000000000000e+00
0.000000000000000e+00 0.000000000000000e+00 0.000000000000000e+00
0.000000000000000e+00 0.000000000000000e+00 0.000000000000000e+00

0.000000000000000e+00 0.000000000000000e+00 0.000000000000000e+00
0.000000000000000e+00 0.000000000000000e+00 0.000000000000000e+00
0.000000000000000e+00 0.000000000000000e+00 0.000000000000000e+00

0.000000000000000e+00 0.000000000000000e+00 0.000000000000000e+00
0.000000000000000e+00 0.000000000000000e+00 0.000000000000000e+00
0.000000000000000e+00 0.000000000000000e+00 0.000000000000000e+00

0.000000000000000e+00 0.000000000000000e+00 0.000000000000000e+00
0.000000000000000e+00 0.000000000000000e+00 0.000000000000000e+00
0.000000000000000e+00 0.000000000000000e+00 0.000000000000000e+00

0.000000000000000e+00 0.000000000000000e+00 0.000000000000000e+00
0.000000000000000e+00 0.000000000000000e+00 0.000000000000000e+00
0.000000000000000e+00 0.000000000000000e+00 0.000000000000000e+00

0.000000000000000e+00 0.000000000000000e+00 0.000000000000000e+00
0.000000000000000e+00 0.000000000000000e+00 0.000000000000000e+00
0.000000000000000e+00 0.000000000000000e+00 0.000000000000000e+00

0.000000000000000e+00 0.000000000000000e+00 0.000000000000000e+00
0.000000000000000e+00 0.000000000000000e+00 0.000000000000000e+00
0.000000000000000e+00 0.000000000000000e+00 0.000000000000000e+00

0.000000000000000e+00 0.000000000000000e+00 0.000000000000000e+00
0.000000000000000e+00 0.000000000000000e+00 0.000000000000000e+00
0.000000000000000e+00 0.000000000000000e+00 0.000000000000000e+00

0.000000000000000e+00 0.000000000000000e+00 0.000000000000000e+00
0.000000000000000e+00 0.000000000000000e+00 0.000000000000000e+00
0.000000000000000e+00 0.000000000000000e+00 0.000000000000000e+00

0.000000000000000e+00 0.000000000000000e+00 0.000000000000000e+00
0.000000000000000e+00 0.000000000000000e+00 0.000000000000000e+00
0.000000000000000e+00 0.000000000000000e+00 0.000000000000000e+00

0.000000000000000e+00 0.000000000000000e+00 0.000000000000000e+00
0.000000000000000e+00 0.000000000000000e+00 0.000000000000000e+00
0.000000000000000e+00 0.000000000000000e+00 0.000000000000000e+00

0.000000000000000e+00 0.000000000000000e+00 0.000000000000000e+00
0.000000000000000e+00 0.000000000000000e+00 0.000000000000000e+00
0.000000000000000e+00 0.000000000000000e+00 0.000000000000000e+00

0.000000000000000e+00 0.000000000000000e+00 0.000000000000000e+00
0.000000000000000e+00 0.000000000000000e+00 0.000000000000000e+00
0.000000000000000e+00 0.000000000000000e+00 0.000000000000000e+00

0.000000000000000e+00 0.000000000000000e+00 0.000000000000000e+00
0.000000000000000e+00 0.000000000000000e+00 0.000000000000000e+00
0.000000000000000e+00 0.000000000000000e+00 0.000000000000000e+00

0.000000000000000e+00 0.000000000000000e+00 0.000000000000000e+00
0.000000000000000e+00 0.000000000000000e+00 0.000000000000000e+00
0.000000000000000e+00 0.000000000000000e+00 0.000000000000000e+00

0.000000000000000e+00 0.000000000000000e+00 0.000000000000000e+00
0.000000000000000e+00 0.000000000000000e+00 0.000000000000000e+00
0.000000000000000e+00 0.000000000000000e+00 0.000000000000000e+00

0.000000000000000e+00 0.000000000000000e+00 0.000000000000000e+00
0.000000000000000e+00 0.000000000000000e+00 0.000000000000000e+00
0.000000000000000e+00 0.000000000000000e+00 0.000000000000000e+00

0.000000000000000e+00 0.000000000000000e+00 0.000000000000000e+00
0.000000000000000e+00 0.000000000000000e+00 0.000000000000000e+00
0.000000000000000e+00 0.000000000000000e+00 0.000000000000000e+00

0.000000000000000e+00 0.000000000000000e+00 0.000000000000000e+00
0.000000000000000e+00 0.000000000000000e+00 0.000000000000000e+00
0.000000000000000e+00 0.000000000000000e+00 0.000000000000000e+00

0.000000000000000e+00 0.000000000000000e+00 0.000000000000000e+00
0.000000000000000e+00 0.000000000000000e+00 0.000000000000000e+00
0.000000000000000e+00 0.000000000000000e+00 0.000000000000000e+00

0.000000000000000e+00 0.000000000000000e+00 0.000000000000000e+00
0.000000000000000e+00 0.000000000000000e+00 0.000000000000000e+00
0.000000000000000e+00 0.000000000000000e+00 0.000000000000000e+00

0.000000000000000e+00 0.000000000000000e+00 0.000000000000000e+00
0.000000000000000e+00 0.000000000000000e+00 0.000000000000000e+00
0.000000000000000e+00 0.000000000000000e+00 0.000000000000000e+00

0.000000000000000e+00 0.000000000000000e+00 0.000000000000000e+00
0.000000000000000e+00 0.000000000000000e+00 0.000000000000000e+00
0.000000000000000e+00 0.000000000000000e+00 0.000000000000000e+00

0.000000000000000e+00 0.000000000000000e+00 0.000000000000000e+00
0.000000000000000e+00 0.000000000000000e+00 0.000000000000000e+00
0.000000000000000e+00 0.000000000000000e+00 0.000000000000000e+00

0.000000000000000e+00 0.000000000000000e+00 0.000000000000000e+00
0.000000000000000e+00 0.000000000000000e+00 0.000000000000000e+00
0.000000000000000e+00 0.000000000000000e+00 0.000000000000000e+00

0.000000000000000e+00 0.000000000000000e+00 0.000000000000000e+00
0.000000000000000e+00 0.000000000000000e+00 0.000000000000000e+00
0.000000000000000e+00 0.000000000000000e+00 0.000000000000000e+00

0.000000000000000e+00 0.000000000000000e+00 0.000000000000000e+00
0.000000000000000e+00 0.000000000000000e+00 0.000000000000000e+00
0.000000000000000e+00 0.000000000000000e+00 0.000000000000000e+00

0.000000000000000e+00 0.000000000000000e+00 0.000000000000000e+00
0.000000000000000e+00 0.000000000000000e+00 0.000000000000000e+00
0.000000000000000e+00 0.000000000000000e+00 0.000000000000000e+00

0.000000000000000e+00 0.000000000000000e+00 0.000000000000000e+00
0.000000000000000e+00 0.000000000000000e+00 0.000000000000000e+00
0.000000000000000e+00 0.000000000000000e+00 0.000000000000000e+00

0.000000000000000e+00 0.000000000000000e+00 0.000000000000000e+00
0.000000000000000e+00 0.000000000000000e+00 0.000000000000000e+00
0.000000000000000e+00 0.000000000000000e+00 0.000000000000000e+00

0.000000000000000e+00 0.000000000000000e+00 0.000000000000000e+00
0.000000000000000e+00 0.000000000000000e+00 0.000000000000000e+00
0.000000000000000e+00 0.000000000000000e+00 0.000000000000000e+00

0.000000000000000e+00 0.000000000000000e+00 0.000000000000000e+00
0.000000000000000e+00 0.000000000000000e+00 0.000000000000000e+00
0.000000000000000e+00 0.000000000000000e+00 0.000000000000000e+00

0.000000000000000e+00 0.000000000000000e+00 0.000000000000000e+00
0.000000000000000e+00 0.000000000000000e+00 0.000000000000000e+00
0.000000000000000e+00 0.000000000000000e+00 0.000000000000000e+00

0.000000000000000e+00 0.000000000000000e+00 0.000000000000000e+00
0.000000000000000e+00 0.000000000000000e+00 0.000000000000000e+00
0.000000000000000e+00 0.000000000000000e+00 0.000000000000000e+00

0.000000000000000e+00 0.000000000000000e+00 0.000000000000000e+00
0.000000000000000e+00 0.000000000000000e+00 0.000000000000000e+00
0.000000000000000e+00 0.000000000000000e+00 0.000000000000000e+00

0.000000000000000e+00 0.000000000000000e+00 0.000000000000000e+00
0.000000000000000e+00 0.000000000000000e+00 0.000000000000000e+00
0.000000000000000e+00 0.000000000000000e+00 0.000000000000000e+00

0.000000000000000e+00 0.000000000000000e+00 0.000000000000000e+00
0.000000000000000e+00 0.000000000000000e+00 0.000000000000000e+00
0.000000000000000e+00 0.000000000000000e+00 0.000000000000000e+00

0.000000000000000e+00 0.000000000000000e+00 0.000000000000000e+00
0.000000000000000e+00 0.000000000000000e+00 0.000000000000000e+00
0.000000000000000e+00 0.000000000000000e+00 0.000000000000000e+00

0.000000000000000e+00 0.000000000000000e+00 0.000000000000000e+00
0.000000000000000e+00 0.000000000000000e+00 0.000000000000000e+00
0.000000000000000e+00 0.000000000000000e+00 0.000000000000000e+00

0.000000000000000e+00 0.000000000000000e+00 0.000000000000000e+00
0.000000000000000e+00 0.000000000000000e+00 0.000000000000000e+00
0.000000000000000e+00 0.000000000000000e+00 0.000000000000000e+00

0.000000000000000e+00 0.000000000000000e+00 0.000000000000000e+00
0.000000000000000e+00 0.000000000000000e+00 0.000000000000000e+00
0.000000000000000e+00 0.000000000000000e+00 0.000000000000000e+00

0.000000000000000e+00 0.000000000000000e+00 0.000000000000000e+00
0.000000000000000e+00 0.000000000000000e+00 0.000000000000000e+00
0.000000000000000e+00 0.000000000000000e+00 0.000000000000000e+00

0.000000000000000e+00 0.000000000000000e+00 0.000000000000000e+00
0.000000000000000e+00 0.000000000000000e+00 0.000000000000000e+00
0.000000000000000e+00 0.000000000000000e+00 0.000000000000000e+00

0.000000000000000e+00 0.000000000000000e+00 0.000000000000000e+00
0.000000000000000e+00 0.000000000000000e+00 0.000000000000000e+00
0.000000000000000e+00 0.000000000000000e+00 0.000000000000000e+00

0.000000000000000e+00 0.000000000000000e+00 0.000000000000000e+00
0.000000000000000e+00 0.000000000000000e+00 0.000000000000000e+00
0.000000000000000e+00 0.000000000000000e+00 0.000000000000000e+00

0.000000000000000e+00 0.000000000000000e+00 0.000000000000000e+00
0.000000000000000e+00 0.000000000000000e+00 0.000000000000000e+00
0.000000000000000e+00 0.000000000000000e+00 0.000000000000000e+00

0.000000000000000e+00 0.000000000000000e+00 0.000000000000000e+00
0.000000000000000e+00 0.000000000000000e+00 0.000000000000000e+00
0.000000000000000e+00 0.000000000000000e+00 0.000000000000000e+00

0.000000000000000e+00 0.000000000000000e+00 0.000000000000000e+00
0.000000000000000e+00 0.000000000000000e+00 0.000000000000000e+00
0.000000000000000e+00 0.000000000000000e+00 0.000000000000000e+00

0.000000000000000e+00 0.000000000000000e+00 0.000000000000000e+00
0.000000000000000e+00 0.000000000000000e+00 0.000000000000000e+00
0.000000000000000e+00 0.000000000000000e+00 0.000000000000000e+00

0.000000000000000e+00 0.000000000000000e+00 0.000000000000000e+00
0.000000000000000e+00 0.000000000000000e+00 0.000000000000000e+00
0.000000000000000e+00 0.000000000000000e+00 0.000000000000000e+00

0.000000000000000e+00 0.000000000000000e+00 0.000000000000000e+00
0.000000000000000e+00 0.000000000000000e+00 0.000000000000000e+00
0.000000000000000e+00 0.000000000000000e+00 0.000000000000000e+00

0.000000000000000e+00 0.000000000000000e+00 0.000000000000000e+00
0.000000000000000e+00 0.000000000000000e+00 0.000000000000000e+00
0.000000000000000e+00 0.000000000000000e+00 0.000000000000000e+00

0.000000000000000e+00 0.000000000000000e+00 0.000000000000000e+00
0.000000000000000e+00 0.000000000000000e+00 0.000000000000000e+00
0.000000000000000e+00 0.000000000000000e+00 0.000000000000000e+00

0.000000000000000e+00 0.000000000000000e+00 0.000000000000000e+00
0.000000000000000e+00 0.000000000000000e+00 0.000000000000000e+00
0.000000000000000e+00 0.000000000000000e+00 0.000000000000000e+00

0.000000000000000e+00 0.000000000000000e+00 0.000000000000000e+00
0.000000000000000e+00 0.000000000000000e+00 0.000000000000000e+00
0.000000000000000e+00 0.000000000000000e+00 0.000000000000000e+00

0.000000000000000e+00 0.000000000000000e+00 0.000000000000000e+00
0.000000000000000e+00 0.000000000000000e+00 0.000000000000000e+00
0.000000000000000e+00 0.000000000000000e+00 0.000000000000000e+00

0.000000000000000e+00 0.000000000000000e+00 0.000000000000000e+00
0.000000000000000e+00 0.000000000000000e+00 0.000000000000000e+00
0.000000000000000e+00 0.000000000000000e+00 0.000000000000000e+00

0.000000000000000e+00 0.000000000000000e+00 0.000000000000000e+00
0.000000000000000e+00 0.000000000000000e+00 0.000000000000000e+00
0.000000000000000e+00 0.000000000000000e+00 0.000000000000000e+00

0.000000000000000e+00 0.000000000000000e+00 0.000000000000000e+00
0.000000000000000e+00 0.000000000000000e+00 0.000000000000000e+00
0.000000000000000e+00 0.000000000000000e+00 0.000000000000000e+00

0.000000000000000e+00 0.000000000000000e+00 0.000000000000000e+00
0.000000000000000e+00 0.000000000000000e+00 0.000000000000000e+00
0.000000000000000e+00 0.000000000000000e+00 0.000000000000000e+00

0.000000000000000e+00 0.000000000000000e+00 0.000000000000000e+00
0.000000000000000e+00 0.000000000000000e+00 0.000000000000000e+00
0.000000000000000e+00 0.000000000000000e+00 0.000000000000000e+00

0.000000000000000e+00 0.000000000000000e+00 0.000000000000000e+00
0.000000000000000e+00 0.000000000000000e+00 0.000000000000000e+00
0.000000000000000e+00 0.000000000000000e+00 0.000000000000000e+00

0.000000000000000e+00 0.000000000000000e+00 0.000000000000000e+00
0.000000000000000e+00 0.000000000000000e+00 0.000000000000000e+00
0.000000000000000e+00 0.000000000000000e+00 0.000000000000000e+00

0.000000000000000e+00 0.000000000000000e+00 0.000000000000000e+00
0.000000000000000e+00 0.000000000000000e+00 0.000000000000000e+00
0.000000000000000e+00 0.000000000000000e+00 0.000000000000000e+00

0.000000000000000e+00 0.000000000000000e+00 0.000000000000000e+00
0.000000000000000e+00 0.000000000000000e+00 0.000000000000000e+00
0.000000000000000e+00 0.000000000000000e+00 0.000000000000000e+00

0.000000000000000e+00 0.000000000000000e+00 0.000000000000000e+00
0.000000000000000e+00 0.000000000000000e+00 0.000000000000000e+00
0.000000000000000e+00 0.000000000000000e+00 0.000000000000000e+00

0.000000000000000e+00 0.000000000000000e+00 0.000000000000000e+00
0.000000000000000e+00 0.000000000000000e+00 0.000000000000000e+00
0.000000000000000e+00 0.000000000000000e+00 0.000000000000000e+00

0.000000000000000e+00 0.000000000000000e+00 0.000000000000000e+00
0.000000000000000e+00 0.000000000000000e+00 0.000000000000000e+00
0.000000000000000e+00 0.000000000000000e+00 0.000000000000000e+00

0.000000000000000e+00 0.000000000000000e+00 0.000000000000000e+00
0.000000000000000e+00 0.000000000000000e+00 0.000000000000000e+00
0.000000000000000e+00 0.000000000000000e+00 0.000000000000000e+00

0.000000000000000e+00 0.000000000000000e+00 0.000000000000000e+00
0.000000000000000e+00 0.000000000000000e+00 0.000000000000000e+00
0.000000000000000e+00 0.000000000000000e+00 0.000000000000000e+00

0.000000000000000e+00 0.000000000000000e+00 0.000000000000000e+00
0.000000000000000e+00 0.000000000000000e+00 0.000000000000000e+00
0.000000000000000e+00 0.000000000000000e+00 0.000000000000000e+00

0.000000000000000e+00 0.000000000000000e+00 0.000000000000000e+00
0.000000000000000e+00 0.000000000000000e+00 0.000000000000000e+00
0.000000000000000e+00 0.000000000000000e+00 0.000000000000000e+00

0.000000000000000e+00 0.000000000000000e+00 0.000000000000000e+00
0.000000000000000e+00 0.000000000000000e+00 0.000000000000000e+00
0.000000000000000e+00 0.000000000000000e+00 0.000000000000000e+00

0.000000000000000e+00 0.000000000000000e+00 0.000000000000000e+00
0.000000000000000e+00 0.000000000000000e+00 0.000000000000000e+00
0.000000000000000e+00 0.000000000000000e+00 0.000000000000000e+00

0.000000000000000e+00 0.000000000000000e+00 0.000000000000000e+00
0.000000000000000e+00 0.000000000000000e+00 0.000000000000000e+00
0.000000000000000e+00 0.000000000000000e+00 0.000000000000000e+00

0.000000000000000e+00 0.000000000000000e+00 0.000000000000000e+00
0.000000000000000e+00 0.000000000000000e+00 0.000000000000000e+00
0.000000000000000e+00 0.000000000000000e+00 0.000000000000000e+00

0.000000000000000e+00 0.000000000000000e+00 0.000000000000000e+00
0.000000000000000e+00 0.000000000000000e+00 0.000000000000000e+00
0.000000000000000e+00 0.000000000000000e+00 0.000000000000000e+00

0.000000000000000e+00 0.000000000000000e+00 0.000000000000000e+00
0.000000000000000e+00 0.000000000000000e+00 0.000000000000000e+00
0.000000000000000e+00 0.000000000000000e+00 0.000000000000000e+00

0.000000000000000e+00 0.000000000000000e+00 0.000000000000000e+00
0.000000000000000e+00 0.000000000000000e+00 0.000000000000000e+00
0.000000000000000e+00 0.000000000000000e+00 0.000000000000000e+00

0.000000000000000e+00 0.000000000000000e+00 0.000000000000000e+00
0.000000000000000e+00 0.000000000000000e+00 0.000000000000000e+00
0.000000000000000e+00 0.000000000000000e+00 0.000000000000000e+00

0.000000000000000e+00 0.000000000000000e+00 0.000000000000000e+00
0.000000000000000e+00 0.000000000000000e+00 0.000000000000000e+00
0.000000000000000e+00 0.000000000000000e+00 0.000000000000000e+00

0.000000000000000e+00 0.000000000000000e+00 0.000000000000000e+00
0.000000000000000e+00 0.000000000000000e+00 0.000000000000000e+00
0.000000000000000e+00 0.000000000000000e+00 0.000000000000000e+00

0.000000000000000e+00 0.000000000000000e+00 0.000000000000000e+00
0.000000000000000e+00 0.000000000000000e+00 0.000000000000000e+00
0.000000000000000e+00 0.000000000000000e+00 0.000000000000000e+00

0.000000000000000e+00 0.000000000000000e+00 0.000000000000000e+00
0.000000000000000e+00 0.000000000000000e+00 0.000000000000000e+00
0.000000000000000e+00 0.000000000000000e+00 0.000000000000000e+00

0.000000000000000e+00 0.000000000000000e+00 0.000000000000000e+00
0.000000000000000e+00 0.000000000000000e+00 0.000000000000000e+00
0.000000000000000e+00 0.000000000000000e+00 0.000000000000000e+00

0.000000000000000e+00 0.000000000000000e+00 0.000000000000000e+00
0.000000000000000e+00 0.000000000000000e+00 0.000000000000000e+00
0.000000000000000e+00 0.000000000000000e+00 0.000000000000000e+00

0.000000000000000e+00 0.000000000000000e+00 0.000000000000000e+00
0.000000000000000e+00 0.000000000000000e+00 0.000000000000000e+00
0.000000000000000e+00 0.000000000000000e+00 0.000000000000000e+00

0.000000000000000e+00 0.000000000000000e+00 0.000000000000000e+00
0.000000000000000e+00 0.000000000000000e+00 0.000000000000000e+00
0.000000000000000e+00 0.000000000000000e+00 0.000000000000000e+00

0.000000000000000e+00 0.000000000000000e+00 0.000000000000000e+00
0.000000000000000e+00 0.000000000000000e+00 0.000000000000000e+00
0.000000000000000e+00 0.000000000000000e+00 0.000000000000000e+00

0.000000000000000e+00 0.000000000000000e+00 0.000000000000000e+00
0.000000000000000e+00 0.000000000000000e+00 0.000000000000000e+00
0.000000000000000e+00 0.000000000000000e+00 0.000000000000000e+00

0.000000000000000e+00 0.000000000000000e+00 0.000000000000000e+00
0.000000000000000e+00 0.000000000000000e+00 0.000000000000000e+00
0.000000000000000e+00 0.000000000000000e+00 0.000000000000000e+00

0.000000000000000e+00 0.000000000000000e+00 0.000000000000000e+00
0.000000000000000e+00 0.000000000000000e+00 0.000000000000000e+00
0.000000000000000e+00 0.000000000000000e+00 0.000000000000000e+00

0.000000000000000e+00 0.000000000000000e+00 0.000000000000000e+00
0.000000000000000e+00 0.000000000000000e+00 0.000000000000000e+00
0.000000000000000e+00 0.000000000000000e+00 0.000000000000000e+00

0.000000000000000e+00 0.000000000000000e+00 0.000000000000000e+00
0.000000000000000e+00 0.000000000000000e+00 0.000000000000000e+00
0.000000000000000e+00 0.000000000000000e+00 0.000000000000000e+00

0.000000000000000e+00 0.000000000000000e+00 0.000000000000000e+00
0.000000000000000e+00 0.000000000000000e+00 0.000000000000000e+00
0.000000000000000e+00 0.000000000000000e+00 0.000000000000000e+00

0.000000000000000e+00 0.000000000000000e+00 0.000000000000000e+00
0.000000000000000e+00 0.000000000000000e+00 0.000000000000000e+00
0.000000000000000e+00 0.000000000000000e+00 0.000000000000000e+00

0.000000000000000e+00 0.000000000000000e+00 0.000000000000000e+00
0.000000000000000e+00 0.000000000000000e+00 0.000000000000000e+00
0.000000000000000e+00 0.000000000000000e+00 0.000000000000000e+00

0.000000000000000e+00 0.000000000000000e+00 0.000000000000000e+00
0.000000000000000e+00 0.000000000000000e+00 0.000000000000000e+00
0.000000000000000e+00 0.000000000000000e+00 0.000000000000000e+00

0.000000000000000e+00 0.000000000000000e+00 0.000000000000000e+00
0.000000000000000e+00 0.000000000000000e+00 0.000000000000000e+00
0.000000000000000e+00 0.000000000000000e+00 0.000000000000000e+00

0.000000000000000e+00 0.000000000000000e+00 0.000000000000000e+00
0.000000000000000e+00 0.000000000000000e+00 0.000000000000000e+00
0.000000000000000e+00 0.000000000000000e+00 0.000000000000000e+00

0.000000000000000e+00 0.000000000000000e+00 0.000000000000000e+00
0.000000000000000e+00 0.000000000000000e+00 0.000000000000000e+00
0.000000000000000e+00 0.000000000000000e+00 0.000000000000000e+00

0.000000000000000e+00 0.000000000000000e+00 0.000000000000000e+00
0.000000000000000e+00 0.000000000000000e+00 0.000000000000000e+00
0.000000000000000e+00 0.000000000000000e+00 0.000000000000000e+00

0.000000000000000e+00 0.000000000000000e+00 0.000000000000000e+00
0.000000000000000e+00 0.000000000000000e+00 0.000000000000000e+00
0.000000000000000e+00 0.000000000000000e+00 0.000000000000000e+00

0.000000000000000e+00 0.000000000000000e+00 0.000000000000000e+00
0.000000000000000e+00 0.000000000000000e+00 0.000000000000000e+00
0.000000000000000e+00 0.000000000000000e+00 0.000000000000000e+00

0.000000000000000e+00 0.000000000000000e+00 0.000000000000000e+00
0.000000000000000e+00 0.000000000000000e+00 0.000000000000000e+00
0.000000000000000e+00 0.000000000000000e+00 0.000000000000000e+00

 9.971024653405140e-02  3.094577920529420e-01 -7.790837774888229e-03
 3.094577920529420e-01  1.749196282333940e-02  9.479833843790640e-02
-7.790837774888229e-03  9.479833843790640e-02  7.128969401946604e-02

 6.623706873435313e-02  6.089234971196920e-01 -6.239845148636616e-03
 6.089234971196920e-01  1.186436909451071e-02  8.138915886688224e-02
-6.239845148636616e-03  8.138915886688224e-02  5.422816116418460e-02

 3.839791558641235e-02  6.679939807293707e-01 -2.423687093210402e-03
 6.679939807293707e-01  7.481888291457257e-03  6.586308736307743e-02
-2.423687093210402e-03  6.586308736307743e-02  1.835359712816605e-02

-1.208739800626957e-01  3.811003707160097e-01 -7.588274247417568e-05
 3.811003707160097e-01 -2.390531520028005e-02  5.038014390760696e-02
-7.588274247417568e-05  5.038014390760696e-02 -8.186943639465319e-02

-1.194738708249474e-01  4.770264455407926e-01 -9.557981490170561e-04
 4.770264455407926e-01 -2.319491925138127e-02  4.317500582424592e-02
-9.557981490170561e-04  4.317500582424592e-02 -9.063017579465729e-02

-1.004503518231792e-01  1.109471243567557e+00  1.968371032409689e-03
 1.109471243567557e+00 -1.928601246321988e-02  1.735522137366595e-02
 1.968371032409689e-03  1.735522137366595e-02 -6.999061548000182e-02

 4.414774274587976e-02  8.836702228231937e-01 -9.955921140882599e-04
 8.836702228231937e-01  8.580040878946120e-03  2.311629744911239e-02
-9.955921140882599e-04  2.311629744911239e-02  1.607337928139898e-02

 1.708817088272366e-01  3.624722851820981e-02 -6.765095003709719e-03
 3.624722851820981e-02  3.376263243311741e-02 -1.219005743455613e-02
-6.765095003709719e-03 -1.219005743455613e-02  9.288996872244772e-02

-1.005471620240397e-02 -6.379748319669973e-02 -5.196542859369309e-03
-6.379748319669973e-02 -1.980011838952846e-03 -7.823896305537443e-03
-5.196542859369309e-03 -7.823896305537443e-03  1.041796804952003e-02

-1.713451143344251e-01  5.336234429344903e-01  1.909770212190740e-03
 5.336234429344903e-01 -3.491028391112872e-02 -4.634893223217138e-02
 1.909770212190740e-03 -4.634893223217138e-02 -6.946289698603351e-02

 2.087521808639968e-03  6.747124175900158e-01  1.305041732851136e-03
 6.747124175900158e-01 -3.617237100176831e-04 -5.710171530652644e-02
 1.305041732851136e-03 -5.710171530652644e-02  1.855892404574446e-02

 2.238798094419453e-01  3.797186121797394e-01  1.108663780939320e-03
 3.797186121797394e-01  4.204547823787849e-02 -8.693769542968761e-02
 1.108663780939320e-03 -8.693769542968761e-02  1.409498138882037e-01

 7.344634898937485e-02  1.827649506963610e-01  4.125081183949515e-03
 1.827649506963610e-01  1.266873922851832e-02 -1.274694693723318e-01
 4.125081183949515e-03 -1.274694693723318e-01  7.216903548631227e-02

-1.752228827833748e-01  6.006475006874543e-02  5.153226047419182e-03
 6.006475006874543e-02 -3.350076282033395e-02 -1.487590040066932e-01
 5.153226047419182e-03 -1.487590040066932e-01 -6.136268409898603e-02

-1.165483348008166e-01  2.065274577224045e-01 -9.850463649722642e-03
 2.065274577224045e-01 -2.055848417557217e-02 -1.379879995898673e-01
-9.850463649722642e-03 -1.379879995898673e-01 -5.053485714029411e-02

-9.525587428983892e-03  6.699387911935747e-01 -9.709797595489605e-03
 6.699387911935747e-01  2.311190393761436e-04 -9.532803844185350e-02
-9.709797595489605e-03 -9.532803844185350e-02 -4.164403744415344e-03

-1.448777654539476e-02  9.302773045281921e-01 -5.906318645745103e-04
 9.302773045281921e-01 -1.952876849424329e-03 -7.985878877723961e-02
-5.906318645745103e-04 -7.985878877723961e-02 -5.612136008921020e-03

 1.139805663474867e-02  6.311325873189260e-01 -5.941001054444918e-04
 6.311325873189260e-01  3.095331126066958e-03 -1.185835022024032e-01
-5.941001054444918e-04 -1.185835022024032e-01  8.616161001334803e-03

 3.430868014340057e-02  1.402461969810654e-01 -3.741857984065412e-03
 1.402461969810654e-01  8.092384624070909e-03 -1.812986623584104e-01
-3.741857984065412e-03 -1.812986623584104e-01  2.038388478829003e-02

-2.856432161552766e-02  4.042643986289641e-02  1.324452129839185e-03
 4.042643986289641e-02 -2.948955034263732e-03 -2.144056408411949e-01
 1.324452129839185e-03 -2.144056408411949e-01 -7.106641945006650e-03

-1.889302843575002e-02  2.934922684396700e-01 -1.341556405516105e-03
 2.934922684396700e-01 -9.923376023492257e-04 -2.057678882094569e-01
-1.341556405516105e-03 -2.057678882094569e-01 -1.114423231300079e-02

 7.066090259379278e-02  5.265366113907363e-01 -1.243169896145127e-02
 5.265366113907363e-01  1.621368360799720e-02 -1.862248207965259e-01
-1.243169896145127e-02 -1.862248207965259e-01  2.014310500640013e-02

 3.017858075500802e-02  4.822211367551510e-01 -2.120290163605095e-02
 4.822211367551510e-01  1.270469424912189e-02 -2.200757181242836e-01
-2.120290163605095e-02 -2.200757181242836e-01  8.973745250971554e-03

-1.996768708477862e-01 -2.329741806728625e-04 -1.505926698294121e-02
-2.329741806728625e-04 -1.610463685908707e-02 -2.864933546606447e-01
-1.505926698294121e-02 -2.864933546606447e-01 -7.701429600965998e-02

-2.646612093060976e-01 -4.835875436584173e-01 -5.145248076243228e-02
-4.835875436584173e-01 -1.595572614100540e-02 -3.199648218734110e-01
-5.145248076243228e-02 -3.199648218734110e-01 -1.104932182715204e-01

-6.000744838123841e-02 -2.723281678893904e-01 -1.030443893107318e-01
-2.723281678893904e-01  2.320166891072059e-02 -3.140579161723094e-01
-1.030443893107318e-01 -3.140579161723094e-01 -5.459819824265801e-02

 9.719753715462745e-02  3.806185472444453e-01 -1.130123723924175e-01
 3.806185472444453e-01  3.732547406306844e-02 -1.809107655140191e-01
-1.130123723924175e-01 -1.809107655140191e-01 -2.640410558969123e-02

 4.307883916817987e-02  9.740129934218323e-01 -7.933574906452424e-02
 9.740129934218323e-01  2.274150577920659e-02 -6.505706974821038e-02
-7.933574906452424e-02 -6.505706974821038e-02 -2.574313346467610e-02

-4.693150540097363e-02  1.118568662906149e+00 -3.379309480144404e-02
 1.118568662906149e+00  4.970752184884753e-03 -7.131969795640797e-02
-3.379309480144404e-02 -7.131969795640797e-02 -2.918694460418664e-02

-9.284345256416715e-02  5.576522798509740e-01 -1.491346322854009e-02
 5.576522798509740e-01 -6.655498831988405e-04 -1.243911198883189e-01
-1.491346322854009e-02 -1.243911198883189e-01 -2.523130913418847e-02

-1.508146707740566e-01 -7.332432954781468e-02  5.627996920793282e-03
-7.332432954781468e-02 -9.377009361983740e-03 -1.985568963673512e-01
 5.627996920793282e-03 -1.985568963673512e-01 -3.554510085758023e-02

-7.812262891337877e-02 -1.753394933907740e-01 -3.133948265680647e-02
-1.753394933907740e-01  3.552824434304348e-03 -2.454142775598014e-01
-3.133948265680647e-02 -2.454142775598014e-01 -1.749912944212417e-02

 1.505406071754670e-02  4.680796134280468e-02 -3.365591474428214e-02
 4.680796134280468e-02  1.267609758913706e-02 -2.161076494898636e-01
-3.365591474428214e-02 -2.161076494898636e-01  3.659967581887304e-03

-4.434661211709233e-02  3.328842953883551e-01  1.434971779496916e-02
 3.328842953883551e-01 -4.670479836653229e-04 -1.649665733241919e-01
 1.434971779496916e-02 -1.649665733241919e-01 -1.469666513603819e-03

-6.526686913810810e-02  4.018589759379684e-01  2.198707637804542e-02
 4.018589759379684e-01 -1.812417946151055e-03 -1.368163048352574e-01
 2.198707637804542e-02 -1.368163048352574e-01 -5.542377649613094e-04

-4.652951698883960e-02  3.627828571318510e-01  1.168355016834818e-02
 3.627828571318510e-01  1.085928192667312e-04 -1.229252593626490e-01
 1.168355016834818e-02 -1.229252593626490e-01 -2.186585696517232e-03

 1.407879718403245e-02  4.200260593496974e-01 -2.220117708961906e-02
 4.200260593496974e-01  7.929955289512822e-03 -1.207192143840759e-01
-2.220117708961906e-02 -1.207192143840759e-01 -3.349965430211598e-04

 4.852063886998503e-02  3.114439341613841e-01 -3.641299375261252e-02
 3.114439341613841e-01  1.191700251924977e-02 -1.278234816556651e-01
-3.641299375261252e-02 -1.278234816556651e-01  6.599567600013275e-03

-6.927545010659444e-02  6.785621944442523e-02  3.781933298875306e-02
 6.785621944442523e-02  1.554488325483180e-03 -1.431740974266990e-01
 3.781933298875306e-02 -1.431740974266990e-01 -1.040424784993284e-03

-1.601069451786453e-01 -1.497480048152058e-01  4.217044410526476e-02
-1.497480048152058e-01  1.987180665225800e-03 -1.369652894755525e-01
 4.217044410526476e-02 -1.369652894755525e-01 -5.818563542318743e-03

-8.052500044277013e-02  1.007083026341038e-01 -5.812987888918906e-02
 1.007083026341038e-01  1.366324549103736e-02 -1.069583770730106e-01
-5.812987888918906e-02 -1.069583770730106e-01 -2.323653298034066e-03

 1.286035176332950e-02  7.303767236607265e-01 -1.160625371470884e-01
 7.303767236607265e-01  1.463259535231604e-02 -5.911097604780908e-02
-1.160625371470884e-01 -5.911097604780908e-02 -5.057398742225639e-03

 4.531616832870872e-02  7.113742860192410e-01 -7.783434534858673e-02
 7.113742860192410e-01  7.241358335914985e-03 -5.137926357732445e-02
-7.783434534858673e-02 -5.137926357732445e-02 -3.819914374839360e-03

-3.540199096701190e-03  3.304542460350938e-01  1.735619955190348e-02
 3.304542460350938e-01  3.191106770824131e-04 -6.034550388864020e-02
 1.735619955190348e-02 -6.034550388864020e-02 -2.778043721546761e-04

-6.397004481215166e-02  2.377416953682457e-01  8.333574084860090e-02
 2.377416953682457e-01 -2.393812055534382e-03 -6.204181570027042e-02
 8.333574084860090e-02 -6.204181570027042e-02  1.993685312632541e-03

-2.871156030242921e-02  2.932137562076790e-01 -7.734595617777380e-02
 2.932137562076790e-01  6.945873886431276e-03 -4.930280596422095e-02
-7.734595617777380e-02 -4.930280596422095e-02 -1.171442003896243e-03

 3.032300965963767e-02  4.377499727037512e-01 -2.013516345657063e-01
 4.377499727037512e-01  8.964628512463706e-03 -3.500252097190806e-02
-2.013516345657063e-01 -3.500252097190806e-02 -4.016006281906935e-03

-2.988115808394713e-02  4.098115723490258e-01  7.097350486543583e-02
 4.098115723490258e-01 -2.654960643567786e-04 -2.564632543214495e-02
 7.097350486543583e-02 -2.564632543214495e-02  2.551105487790871e-03

-1.022517389514694e-01  1.969972467256159e-01  2.275260655258252e-01
 1.969972467256159e-01  3.644116616874910e-03 -1.752897849923965e-02
 2.275260655258252e-01 -1.752897849923965e-02  9.584257319227789e-03

-1.034166098088893e-01  7.253310229602826e-02  2.366876472510998e-02
 7.253310229602826e-02  9.731774019787179e-03 -3.645938907055850e-03
 2.366876472510998e-02 -3.645938907055850e-03  8.376137830339952e-03

-6.504556005608507e-02  1.381543848722235e-01 -8.685922243761966e-02
 1.381543848722235e-01  5.545513306196020e-03  1.218867442274249e-02
-8.685922243761966e-02  1.218867442274249e-02  5.638542863523645e-03

-2.895683849508585e-02  2.495512984486220e-01 -5.141049575472018e-02
 2.495512984486220e-01  1.582764314258695e-03  2.523499365231078e-02
-5.141049575472018e-02  2.523499365231078e-02  4.429385743471949e-03

 4.785039994690599e-03  2.500160660129726e-01  1.523365810037562e-02
 2.500160660129726e-01  2.615946317590582e-03  4.124356055922693e-02
 1.523365810037562e-02  4.124356055922693e-02 -2.040616677461069e-05

 1.523779833582492e-03  1.305172621000340e-01  5.152160667453728e-02
 1.305172621000340e-01  7.034610593727737e-03  6.592801388180870e-02
 5.152160667453728e-02  6.592801388180870e-02 -8.986574355953830e-04

-5.444473709690976e-02  4.376861294422917e-02 -8.865324299423796e-03
 4.376861294422917e-02  2.852835911187688e-03  8.924008664270498e-02
-8.865324299423796e-03  8.924008664270498e-02  1.761388714704518e-03

-4.896180719069386e-02  1.310329857907670e-01 -2.930177858358515e-02
 1.310329857907670e-01 -1.223332882761501e-04  9.965921776592179e-02
-2.930177858358515e-02  9.965921776592179e-02  5.602642596205091e-03

-3.413540173051791e-02  2.348597888786509e-01 -1.123712958870727e-02
 2.348597888786509e-01  1.254035248221780e-03  9.516614564520766e-02
-1.123712958870727e-02  9.516614564520766e-02  7.068189316819758e-03

-7.443047298421299e-02  5.353962715590014e-01 -2.521744437915895e-02
 5.353962715590014e-01 -1.933097991085358e-03  5.896268823956999e-02
-2.521744437915895e-02  5.896268823956999e-02  3.121003676369021e-03

-5.449089161495246e-02  8.522340275796866e-01 -2.652653749543998e-03
 8.522340275796866e-01  1.632846882316820e-03  2.676161893427594e-02
-2.652653749543998e-03  2.676161893427594e-02 -2.095512624340530e-03

 1.625964971374312e-02  7.705737017171550e-01  4.480161637966398e-02
 7.705737017171550e-01  8.668112269475989e-03  4.310761078947537e-02
 4.480161637966398e-02  4.310761078947537e-02 -7.457763582684184e-03

 3.610288420366135e-02  5.450045570380447e-01  5.680461344595081e-02
 5.450045570380447e-01  9.482501712619319e-03  9.179263387094916e-02
 5.680461344595081e-02  9.179263387094916e-02 -1.236428951650705e-02

 2.177126037585967e-02  1.380662901283746e-01  6.155576843712800e-02
 1.380662901283746e-01  1.313999731593688e-02  1.715870691063133e-01
 6.155576843712800e-02  1.715870691063133e-01 -1.462083752996768e-02

-2.929422376335842e-02 -2.638484352562722e-01  5.232566741639934e-02
-2.638484352562722e-01  1.369914968033152e-02  2.461698368024075e-01
 5.232566741639934e-02  2.461698368024075e-01 -1.652605443651545e-02

-7.038444228146468e-02 -5.968203756981765e-02  1.799965601291699e-02
-5.968203756981765e-02  5.163698786816818e-03  2.337057819018393e-01
 1.799965601291699e-02  2.337057819018393e-01 -1.543227477852216e-02

-4.465776990968303e-02  4.578798876180633e-01  4.811261410370189e-03
 4.578798876180633e-01  2.610548369668687e-03  1.802948988672276e-01
 4.811261410370189e-03  1.802948988672276e-01 -3.600416994349485e-03

-4.293698868809680e-02  4.792899942820946e-01 -8.137510013453699e-03
 4.792899942820946e-01 -9.550654252818559e-04  1.981535982144613e-01
-8.137510013453699e-03  1.981535982144613e-01 -2.847616287564338e-03

-1.378990459494427e-02 -1.198174811428460e-02  7.063992799617701e-03
-1.198174811428460e-02  4.576753337071306e-03  2.695642990853302e-01
 7.063992799617701e-03  2.695642990853302e-01 -9.442414515017709e-04

-1.306936824674393e-02 -2.878122516487601e-01  3.491533933630013e-02
-2.878122516487601e-01  9.845641462699586e-03  3.317606365188065e-01
 3.491533933630013e-02  3.317606365188065e-01 -8.520712478161007e-03

-1.409187139744726e-01 -2.193891558982659e-03  2.038898287096390e-02
-2.193891558982659e-03 -9.385420539239967e-03  3.108941161048241e-01
 2.038898287096390e-02  3.108941161048241e-01 -4.253982586861077e-02

-1.360511825870170e-01  3.933758817403796e-01  7.918558183141680e-03
 3.933758817403796e-01 -1.487022105550585e-02  2.260586494690341e-01
 7.918558183141680e-03  2.260586494690341e-01 -3.327876386967428e-02

1.435028771840240e-03 4.617272839566086e-01 2.753731998366399e-04
4.617272839566086e-01 3.525102983905896e-04 2.036336023992119e-01
2.753731998366399e-04 2.036336023992119e-01 4.632144031188703e-03

 1.025625651038326e-01  3.185095069120327e-01 -6.062125175478069e-03
 3.185095069120327e-01  1.309954339795120e-02  2.272465287199896e-01
-6.062125175478069e-03  2.272465287199896e-01  3.121460225690090e-02

 9.537887434309751e-02  3.273997181358865e-01 -7.999472238824124e-03
 3.273997181358865e-01  1.284885662440749e-02  2.414928497615269e-01
-7.999472238824124e-03  2.414928497615269e-01  2.582197760492011e-02

 1.511554421734973e-02  3.197418751524968e-01  1.613312388355883e-03
 3.197418751524968e-01  3.410846502330758e-03  2.400792980454687e-01
 1.613312388355883e-03  2.400792980454687e-01 -3.785988545369873e-03

-3.709771995569065e-02  3.430278911986688e-01  6.020237256605378e-03
 3.430278911986688e-01 -4.815962215974024e-03  2.190557268922581e-01
 6.020237256605378e-03  2.190557268922581e-01 -2.224630720053900e-02

-5.630252465585003e-02  4.474485428673273e-01  4.332249774359154e-03
 4.474485428673273e-01 -9.279062252341186e-03  2.058356321027925e-01
 4.332249774359154e-03  2.058356321027925e-01 -2.670996055602869e-02

-9.973436122167547e-03  2.329359865070667e-01 -1.511091799847795e-03
 2.329359865070667e-01 -2.059167490997952e-03  2.044025106600975e-01
-1.511091799847795e-03  2.044025106600975e-01  5.175164525727595e-03

 7.667574724211246e-02  2.588717436234548e-01 -7.650628077994031e-04
 2.588717436234548e-01  1.420590251827434e-02  1.731710787844105e-01
-7.650628077994031e-04  1.731710787844105e-01  4.833169348765864e-02

 5.328067917620069e-03  7.733153185862025e-01 -3.819336209131795e-04
 7.733153185862025e-01  8.242945527322617e-04  1.206160618233244e-01
-3.819336209131795e-04  1.206160618233244e-01  7.560504144122421e-03

-6.140202742838297e-02  8.111120500334927e-01  2.626285617876231e-03
 8.111120500334927e-01 -1.184698987776229e-02  1.017625116893716e-01
 2.626285617876231e-03  1.017625116893716e-01 -3.241803537243666e-02

-5.080648583303413e-02  5.559623161177905e-01  5.168235976398318e-03
 5.559623161177905e-01 -9.613660989411923e-03  1.120770382290316e-01
 5.168235976398318e-03  1.120770382290316e-01 -2.963928513981891e-02

-3.314519462412667e-03  4.324211638668742e-01  6.842004590958315e-04
 4.324211638668742e-01 -1.068980951873100e-03  1.259250713616372e-01
 6.842004590958315e-04  1.259250713616372e-01  7.110769784449897e-04

 5.059660666154703e-02  3.179141440693182e-01 -8.609808778400538e-04
 3.179141440693182e-01  9.521946725830710e-03  1.125387385379002e-01
-8.609808778400538e-04  1.125387385379002e-01  2.908453739266667e-02

-2.317840921602742e-02  4.870187399251726e-01 -5.327929099164540e-04
 4.870187399251726e-01 -5.041493064961601e-03  8.999819105604177e-02
-5.327929099164540e-04  8.999819105604177e-02 -1.222768582459285e-02

-3.185704785940682e-02  5.899020549338277e-01 -8.765204265092224e-04
 5.899020549338277e-01 -6.768824978013756e-03  7.251286156208124e-02
-8.765204265092224e-04  7.251286156208124e-02 -1.454981692924946e-02

7.610299725704767e-02 3.024812363207680e-01 4.926632226056759e-06
3.024812363207680e-01 1.490549137782215e-02 5.243272089526569e-02
4.926632226056759e-06 5.243272089526569e-02 3.395174741053775e-02

-2.001838113513290e-02  4.179085492424107e-01 -9.351845957435276e-04
 4.179085492424107e-01 -4.055926919885055e-03  4.783681609638140e-02
-9.351845957435276e-04  4.783681609638140e-02 -1.460131020582367e-02

-1.406335793115822e-01  8.540323193121461e-01  1.223352090666285e-03
 8.540323193121461e-01 -2.818876152660320e-02  2.649231064147088e-02
 1.223352090666285e-03  2.649231064147088e-02 -6.778915456599499e-02

 4.199914765710570e-02  6.279656157684179e-01 -4.424764535302179e-05
 6.279656157684179e-01  7.833944077384507e-03  1.586588700826254e-02
-4.424764535302179e-05  1.586588700826254e-02  2.790218053356049e-02

 1.841759051808292e-01  9.267530813325421e-02 -2.513449762314413e-04
 9.267530813325421e-02  3.551928599281298e-02 -3.343275561647706e-03
-2.513449762314413e-04 -3.343275561647706e-03  1.059354481003307e-01

6.206128913087330e-03 3.029073418968973e-01 2.746624827041746e-03
3.029073418968973e-01 1.390871881093518e-03 1.437052570502016e-02
2.746624827041746e-03 1.437052570502016e-02 2.199046139590084e-02

-1.427342013642278e-01  1.059152782697351e+00  9.925935230962353e-04
 1.059152782697351e+00 -2.911484248006416e-02 -1.592703799721935e-02
 9.925935230962353e-04 -1.592703799721935e-02 -6.160035750736047e-02

-1.035592626784343e-02  1.093850840909943e+00 -5.587597028042203e-03
 1.093850840909943e+00 -1.490115640437061e-03 -1.411841173416320e-03
-5.587597028042203e-03 -1.411841173416320e-03 -9.506492584623659e-03

 3.129727569691960e-02  3.300803323920781e-01 -5.728946169863393e-03
 3.300803323920781e-01  7.062888488943102e-03 -5.622453216799135e-02
-5.728946169863393e-03 -5.622453216799135e-02  1.219636441808340e-02

-7.751957482839829e-02  3.494657328863072e-02 -4.438687859068808e-03
 3.494657328863072e-02 -1.413545982682559e-02 -7.716810412574444e-02
-4.438687859068808e-03 -7.716810412574444e-02 -4.155721926410953e-02

-4.613880107653704e-02  5.077016310357493e-01 -4.929209797545139e-03
 5.077016310357493e-01 -7.253478366733643e-03 -1.127031994634077e-01
-4.929209797545139e-03 -1.127031994634077e-01 -3.066182570560869e-02

-1.398401155237043e-02  4.623850141661072e-01 -4.826114710097896e-03
 4.623850141661072e-01 -8.185142250429980e-04 -1.249372391515688e-01
-4.826114710097896e-03 -1.249372391515688e-01 -1.534070108707076e-02

 2.550358882712279e-04  2.055510612373674e-01 -3.163804259186684e-03
 2.055510612373674e-01  1.279065214151301e-03 -1.497393276537448e-01
-3.163804259186684e-03 -1.497393276537448e-01 -7.161322657378049e-03

 5.046686630440657e-02  2.646347951283667e-01  2.483515156427529e-03
 2.646347951283667e-01  9.471016705138550e-03 -1.776231494242033e-01
 2.483515156427529e-03 -1.776231494242033e-01  2.042002015460079e-02

 1.196990226201838e-01  2.274202282579897e-01 -4.990188722635179e-04
 2.274202282579897e-01  2.092222424125891e-02 -1.844618040317739e-01
-4.990188722635179e-04 -1.844618040317739e-01  5.445587193186072e-02

 5.693785454269568e-02  2.444356043520033e-01  1.166412567180464e-03
 2.444356043520033e-01  1.078009986679346e-02 -1.761248939652343e-01
 1.166412567180464e-03 -1.761248939652343e-01  4.299116859542758e-02

-2.037550494109654e-01  4.396053307124504e-01  1.862096018855659e-02
 4.396053307124504e-01 -3.578627561682571e-02 -1.439722350156343e-01
 1.862096018855659e-02 -1.439722350156343e-01 -4.951148530227038e-02

-1.896115261200875e-01  7.046531236551890e-01  1.626670886106454e-02
 7.046531236551890e-01 -3.181912577719583e-02 -1.112678837599830e-01
 1.626670886106454e-02 -1.112678837599830e-01 -4.669077163032015e-02

 1.747057277666113e-02  8.229647740433076e-01 -3.273413772063274e-03
 8.229647740433076e-01  7.173845661061980e-03 -1.295294238529547e-01
-3.273413772063274e-03 -1.295294238529547e-01  1.810907682419969e-02

 2.183124675007300e-02  2.554158034979398e-01 -9.378284301749465e-03
 2.554158034979398e-01  9.146378375816853e-03 -2.183375845372872e-01
-9.378284301749465e-03 -2.183375845372872e-01  4.379707257507204e-04

 2.046639375452699e-02 -3.928001611013313e-01 -3.458279566263814e-02
-3.928001611013313e-01  8.869281258615176e-03 -2.155287520518591e-01
-3.458279566263814e-02 -2.155287520518591e-01 -2.170218057717415e-02

 6.947386633216332e-02  1.398178946842224e-01 -3.812804597459007e-02
 1.398178946842224e-01  2.062552592965320e-02 -2.306704860887264e-01
-3.812804597459007e-02 -2.306704860887264e-01 -7.000009278108347e-03

 5.363275081249051e-02  7.417759676677252e-01 -1.317659056330686e-02
 7.417759676677252e-01  1.121525119887222e-02 -1.779423218627548e-01
-1.317659056330686e-02 -1.779423218627548e-01 -4.650384378001821e-03

 5.031507767696877e-02  5.061935940916557e-01 -6.026262249175691e-03
 5.061935940916557e-01  9.200467127690659e-03 -1.504564088931448e-01
-6.026262249175691e-03 -1.504564088931448e-01  9.901330352497765e-03

-1.020486600775290e-02  3.012002546070892e-01  2.078535543930271e-03
 3.012002546070892e-01  1.512127499836081e-03 -1.769050838444014e-01
 2.078535543930271e-03 -1.769050838444014e-01  3.418447785181490e-03

-1.144754359680589e-01  2.695886755137764e-01  1.780444149088938e-02
 2.695886755137764e-01 -1.440882717006117e-02 -2.019579750788981e-01
 1.780444149088938e-02 -2.019579750788981e-01 -3.322660674019347e-02

-5.003174199011991e-02  2.011680818245935e-01 -1.078187512100482e-02
 2.011680818245935e-01 -5.971656829229485e-04 -1.993434390726979e-01
-1.078187512100482e-02 -1.993434390726979e-01 -1.152403203747418e-02

 1.147061807223337e-02  2.815071205585366e-01 -2.498458536340550e-02
 2.815071205585366e-01  1.186068536882189e-02 -2.336153876547371e-01
-2.498458536340550e-02 -2.336153876547371e-01  8.626849449004258e-03

-8.965179993591472e-02  7.048618117601199e-03  2.908819229694984e-04
 7.048618117601199e-03 -2.569017994223575e-03 -2.383013943037609e-01
 2.908819229694984e-04 -2.383013943037609e-01 -2.785102761792018e-02

-9.675099169186888e-02 -2.569108609501208e-01 -2.650354604621421e-02
-2.569108609501208e-01 -2.101664561658846e-03 -2.147631006482018e-01
-2.650354604621421e-02 -2.147631006482018e-01 -2.960363955035026e-02

 1.993526602626668e-02  2.159870110783686e-01 -5.731009623510573e-02
 2.159870110783686e-01  1.578478408429249e-02 -1.943899238646576e-01
-5.731009623510573e-02 -1.943899238646576e-01 -1.050433338271312e-02

 6.375580040983879e-02  6.111463720636033e-01 -4.608150725625979e-02
 6.111463720636033e-01  1.206201565013366e-02 -1.225992023744540e-01
-4.608150725625979e-02 -1.225992023744540e-01 -6.706909615609030e-03

 3.403674690250311e-02  4.681174959006119e-01 -1.541571357344171e-02
 4.681174959006119e-01  5.893576123350562e-03 -1.158734680977887e-01
-1.541571357344171e-02 -1.158734680977887e-01  3.662038015449471e-03

-7.237049698755230e-02  3.679382230101629e-01  4.938056882174749e-02
 3.679382230101629e-01 -7.315236899272475e-03 -1.182330229187546e-01
 4.938056882174749e-02 -1.182330229187546e-01  7.255546333575170e-03

-1.401875855709322e-01  4.694576143084359e-01  8.223884003487407e-02
 4.694576143084359e-01 -1.429241589342868e-02 -1.093350751791063e-01
 8.223884003487407e-02 -1.093350751791063e-01  3.662692708245647e-03

-4.654463489983346e-02  4.719109299957864e-01  1.852705377797745e-02
 4.719109299957864e-01  1.158594559915210e-03 -1.115180500857896e-01
 1.852705377797745e-02 -1.115180500857896e-01  5.475514434460762e-03

 3.944790331408367e-02  2.500039208757103e-01 -3.949773745825403e-02
 2.500039208757103e-01  1.217909786103241e-02 -1.283740235722893e-01
-3.949773745825403e-02 -1.283740235722893e-01  7.265368543647273e-03

 2.183440949212925e-02 -5.090192983290561e-03 -3.419573023217731e-02
-5.090192983290561e-03  8.183627441098575e-03 -1.341840295158260e-01
-3.419573023217731e-02 -1.341840295158260e-01 -6.505929839322630e-03

 4.848448789281498e-03 -2.256907551937005e-03 -3.537949508600597e-02
-2.256907551937005e-03  7.128335750196143e-03 -1.341980634247608e-01
-3.537949508600597e-02 -1.341980634247608e-01 -7.454390535258716e-03

 5.010038761801301e-03  2.608541978214299e-01 -2.259442102737085e-02
 2.608541978214299e-01  4.925652280015700e-03 -1.027428000252392e-01
-2.259442102737085e-02 -1.027428000252392e-01 -3.841050095113035e-03

-9.617098560789870e-03  3.353457601810003e-01  3.149379829175959e-03
 3.353457601810003e-01  1.874808594949758e-03 -7.948165745760072e-02
 3.149379829175959e-03 -7.948165745760072e-02 -1.601242677922482e-03

-1.114512193489597e-02  3.742251818164180e-01  1.263700702442143e-02
 3.742251818164180e-01  7.553947156088591e-04 -6.349957729684449e-02
 1.263700702442143e-02 -6.349957729684449e-02 -2.845484818247507e-04

-5.909320239541683e-03  5.615197832427582e-01  1.458198088795252e-02
 5.615197832427582e-01 -2.828007647521339e-05 -5.041556630811592e-02
 1.458198088795252e-02 -5.041556630811592e-02 -2.685361905116019e-03

 3.862094151498163e-02  5.130436072266585e-01 -5.733482949258025e-02
 5.130436072266585e-01  4.313562272856362e-03 -4.374640894724313e-02
-5.733482949258025e-02 -4.374640894724313e-02 -1.710698913261544e-03

 3.253022697481611e-02  3.909072052627869e-01 -5.179116742867465e-02
 3.909072052627869e-01  4.789195441589626e-03 -4.168626076285612e-02
-5.179116742867465e-02 -4.168626076285612e-02  9.184759222673661e-04

-6.797450433756132e-02  3.642718203492170e-01  1.128084817577424e-01
 3.642718203492170e-01 -1.626489547069194e-03 -3.794962387486675e-02
 1.128084817577424e-01 -3.794962387486675e-02  4.459006667183694e-03

-1.091619341622325e-01  1.882092801935386e-01  7.826210982228747e-02
 1.882092801935386e-01  4.294106487096178e-03 -3.193736720435429e-02
 7.826210982228747e-02 -3.193736720435429e-02  5.812234203820477e-03

-4.688418211263616e-02  7.216203349244142e-02 -9.442646470393568e-02
 7.216203349244142e-02  8.132266546042785e-03 -2.124016626080041e-02
-9.442646470393568e-02 -2.124016626080041e-02  2.714962554205524e-03

 6.292830320100756e-03  6.426355054601776e-02 -1.494520318793144e-01
 6.426355054601776e-02 -1.924224203585309e-04 -3.496221175602558e-03
-1.494520318793144e-01 -3.496221175602558e-03 -8.942737698343277e-04

 7.187842420201117e-02 -2.345238446704575e-02 -7.783912609210551e-02
-2.345238446704575e-02 -7.338675496166553e-03  1.568041916732358e-02
-7.783912609210551e-02  1.568041916732358e-02 -5.480471229441634e-03

 1.402051960617289e-01  1.265467830049975e-01  1.040574464034980e-01
 1.265467830049975e-01 -1.124221895191903e-03  2.547373871351151e-02
 1.040574464034980e-01  2.547373871351151e-02 -6.226043302416546e-03

 8.592624759902542e-02  3.618721959393152e-01  1.288164461515075e-01
 3.618721959393152e-01  5.245453585392452e-03  3.426112633516717e-02
 1.288164461515075e-01  3.426112633516717e-02 -6.105408767561307e-03

-2.134115718233827e-02  2.714619655445086e-01 -1.668168585918927e-02
 2.714619655445086e-01  6.612948248172184e-04  5.172891611160155e-02
-1.668168585918927e-02  5.172891611160155e-02  1.133446277980720e-03

-7.083330892231790e-02  4.929870347459724e-02 -9.528892577006690e-02
 4.929870347459724e-02 -5.599469212319452e-03  8.643647797118362e-02
-9.528892577006690e-02  8.643647797118362e-02  1.169360964104420e-02

-5.827084450090015e-02 -1.260658199655599e-01 -1.142343902957800e-01
-1.260658199655599e-01 -1.435633940910009e-02  1.129365145141787e-01
-1.142343902957800e-01  1.129365145141787e-01  1.063121032475217e-02

 7.394983521335839e-02  1.842408620839503e-01 -1.749868343990746e-02
 1.842408620839503e-01 -3.268363532934689e-03  9.400592952810041e-02
-1.749868343990746e-02  9.400592952810041e-02  7.445578272660287e-03

 1.336552007381732e-01  6.811760150307489e-01  6.155685998069979e-02
 6.811760150307489e-01  8.503357853160058e-03  5.758522909051392e-02
 6.155685998069979e-02  5.758522909051392e-02 -1.952800307264893e-03

 2.593383842086452e-02  5.034877595143245e-01  9.604515612128256e-04
 5.034877595143245e-01 -1.189363931197170e-03  8.046529086012645e-02
 9.604515612128256e-04  8.046529086012645e-02 -8.199165181814780e-03

 3.333088305515438e-02  1.592829141845499e-01  1.234939557933831e-02
 1.592829141845499e-01  3.196281243070286e-03  1.348264136416184e-01
 1.234939557933831e-02  1.348264136416184e-01 -4.704483622917100e-03

 1.648161992175449e-02  1.133273369641618e-01  3.863226327030857e-02
 1.133273369641618e-01  9.359602224636436e-03  1.641401903299036e-01
 3.863226327030857e-02  1.641401903299036e-01 -3.489649729850093e-03

-9.917693220363100e-02  1.809248620955590e-01 -1.878542789231006e-02
 1.809248620955590e-01 -4.582082739308771e-03  1.649996140177035e-01
-1.878542789231006e-02  1.649996140177035e-01 -3.537632897620663e-03

-7.566734977005356e-02  3.896986251014459e-01 -1.973737701571620e-02
 3.896986251014459e-01 -4.718422065511430e-03  1.414040132274096e-01
-1.973737701571620e-02  1.414040132274096e-01  5.335459198854428e-03

-5.241823369928560e-02  4.613753982558633e-01 -1.867263091855826e-02
 4.613753982558633e-01 -5.291211720956178e-03  1.344266523170646e-01
-1.867263091855826e-02  1.344266523170646e-01  4.204855269808122e-03

-1.098944903629321e-02  4.004273037484014e-01 -1.190492043597199e-02
 4.004273037484014e-01 -3.536944769830210e-03  1.530829400002315e-01
-1.190492043597199e-02  1.530829400002315e-01 -2.653815368115380e-03

 1.167522953952905e-01  4.138770872913352e-01  3.425869553002957e-02
 4.138770872913352e-01  1.350055344292561e-02  1.715119823768195e-01
 3.425869553002957e-02  1.715119823768195e-01 -6.827307854473247e-03

 1.414776254689894e-01  2.609522359970922e-01  5.937479356131089e-02
 2.609522359970922e-01  2.358153825249969e-02  2.227196922269045e-01
 5.937479356131089e-02  2.227196922269045e-01 -1.605250470379206e-02

 1.455298340045950e-02  3.149095697557039e-02  4.351582262605221e-02
 3.149095697557039e-02  1.471506955217076e-02  2.924742908554896e-01
 4.351582262605221e-02  2.924742908554896e-01 -2.876199904985759e-02

-1.007730793554300e-01 -3.213850477446637e-02  1.735613936700217e-02
-3.213850477446637e-02 -1.754921633340630e-03  3.291217538999763e-01
 1.735613936700217e-02  3.291217538999763e-01 -3.519102533069642e-02

-3.384244043618964e-02 -2.550135067099794e-02  1.339193594214569e-02
-2.550135067099794e-02  3.947941091346461e-03  3.200659795439975e-01
 1.339193594214569e-02  3.200659795439975e-01 -8.226702403087378e-03

-4.030777630221586e-02  3.008224858874552e-01  1.830941674093239e-02
 3.008224858874552e-01  7.988943229726704e-04  2.324197266696753e-01
 1.830941674093239e-02  2.324197266696753e-01 -1.699610008719165e-02

-1.430751895259584e-01  8.606802957130316e-01  7.219716293587037e-03
 8.606802957130316e-01 -1.911022962145823e-02  1.502900419610481e-01
 7.219716293587037e-03  1.502900419610481e-01 -4.400890990347676e-02

-7.607941503596462e-02  4.771960956554586e-01 -9.249390689748664e-03
 4.771960956554586e-01 -1.497933357363985e-02  2.361003683256586e-01
-9.249390689748664e-03  2.361003683256586e-01 -2.016047121846638e-03

 4.719111391985030e-02 -4.671568448170926e-01 -1.854442323756995e-02
-4.671568448170926e-01  3.372426009079708e-03  3.333157177180390e-01
-1.854442323756995e-02  3.333157177180390e-01  4.714599619253744e-02

 6.670009410367880e-02 -3.292439660945751e-01 -1.277230789342878e-02
-3.292439660945751e-01  7.616609242429664e-03  2.979063040573325e-01
-1.277230789342878e-02  2.979063040573325e-01  5.139858473735552e-02

 4.798700200688380e-03  7.449255330694612e-01 -6.532696998428542e-03
 7.449255330694612e-01 -1.233456201192042e-03  1.719281149685063e-01
-6.532696998428542e-03  1.719281149685063e-01  1.435088957397204e-02

 4.711799648214582e-02  1.033461953995731e+00 -4.109851810888905e-03
 1.033461953995731e+00  7.725630824701317e-03  1.025060002246493e-01
-4.109851810888905e-03  1.025060002246493e-01  2.137223904575047e-02

1.035886985388666e-01 5.337955081846706e-01 3.130688573896204e-03
5.337955081846706e-01 2.028822937416931e-02 1.186153216436063e-01
3.130688573896204e-03 1.186153216436063e-01 3.908462662116276e-02

-7.077681253039273e-03  3.930874090121058e-01  1.076591012141761e-02
 3.930874090121058e-01 -2.885783970526329e-04  1.208282953691932e-01
 1.076591012141761e-02  1.208282953691932e-01 -1.846204148063805e-02

-1.552184646982884e-01  9.114198863260519e-01  8.570904688731756e-03
 9.114198863260519e-01 -2.776173230796556e-02  1.175209687418709e-01
 8.570904688731756e-03  1.175209687418709e-01 -8.407781319732469e-02

-1.620095928825478e-01  5.918634755793378e-01  5.979201448313817e-03
 5.918634755793378e-01 -3.145171112173781e-02  1.255663324465831e-01
 5.979201448313817e-03  1.255663324465831e-01 -7.253052275905178e-02

-1.005547261989770e-01  1.033219678542694e-01 -3.339148948620928e-03
 1.033219678542694e-01 -1.954882638909055e-02  1.214771332598981e-01
-3.339148948620928e-03  1.214771332598981e-01 -3.999494729631016e-02

1.855938786197620e-02 6.092016025979422e-01 6.316178326484574e-04
6.092016025979422e-01 1.361366625733343e-03 1.323454233655822e-01
6.316178326484574e-04 1.323454233655822e-01 2.147830046942658e-02

 1.438554920774631e-01  6.094271168958828e-01 -3.348400295302138e-03
 6.094271168958828e-01  2.668918188840745e-02  1.127483245064070e-01
-3.348400295302138e-03  1.127483245064070e-01  8.912025058608759e-02


CELL_DATA 168
SCALARS dislocation_index int
LOOKUP_TABLE default
0
1
2
3
4
5
6
7
8
9
10
11
12
13
14
15
16
17
18
19
20
21
22
23
24
25
26
27
28
29
30
31
32
33
34
35
36
37
38
39
40
41
42
43
44
45
46
47
48
49
50
51
52
53
54
55
56
57
58
59
60
61
62
63
64
65
66
67
68
69
70
71
72
73
74
75
76
77
78
79
80
81
82
83
84
85
86
87
88
89
90
91
92
93
94
95
96
97
98
99
100
101
102
103
104
105
106
107
108
109
110
111
112
113
114
115
116
117
118
119
120
121
122
123
124
125
126
127
128
129
130
131
132
133
134
135
136
137
138
139
140
141
142
143
144
145
146
147
148
149
150
151
152
153
154
155
156
157
158
159
160
161
162
163
164
165
166
167

VECTORS burgers_vector_global double
-2.480271561200000e+00 -1.581061678600000e-06  1.483537394600000e-05
-2.480271561200000e+00 -1.581061678600000e-06  1.483537394600000e-05
-2.480271561200000e+00 -1.581061678600000e-06  1.483537394600000e-05
-2.480271561200000e+00 -1.581061678600000e-06  1.483537394600000e-05
-2.480271561200000e+00 -1.581061678600000e-06  1.483537394600000e-05
-2.480271561200000e+00 -1.581061678600000e-06  1.483537394600000e-05
-2.480271561200000e+00 -1.581061678600000e-06  1.483537394600000e-05
-2.480271561200000e+00 -1.581061678600000e-06  1.483537394600000e-05
-2.480271561200000e+00 -1.581061678600000e-06  1.483537394600000e-05
-2.480271561200000e+00 -1.581061678600000e-06  1.483537394600000e-05
-2.480271561200000e+00 -1.581061678600000e-06  1.483537394600000e-05
-2.480271561200000e+00 -1.581061678600000e-06  1.483537394600000e-05
-2.480271561200000e+00 -1.581061678600000e-06  1.483537394600000e-05
-2.480271561200000e+00 -1.581061678600000e-06  1.483537394600000e-05
-2.480271561200000e+00 -1.581061678600000e-06  1.483537394600000e-05
-2.480271561200000e+00 -1.581061678600000e-06  1.483537394600000e-05
-2.480271561200000e+00 -1.581061678600000e-06  1.483537394600000e-05
-2.480271561200000e+00 -1.581061678600000e-06  1.483537394600000e-05
-2.480271561200000e+00 -1.581061678600000e-06  1.483537394600000e-05
-2.480271561200000e+00 -1.581061678600000e-06  1.483537394600000e-05
-2.480271561200000e+00 -1.581061678600000e-06  1.483537394600000e-05
-2.480271561200000e+00 -1.581061678600000e-06  1.483537394600000e-05
-2.480271561200000e+00 -1.581061678600000e-06  1.483537394600000e-05
-2.480271561200000e+00 -1.581061678600000e-06  1.483537394600000e-05
-2.480271561200000e+00 -1.581061678600000e-06  1.483537394600000e-05
-2.480271561200000e+00 -1.581061678600000e-06  1.483537394600000e-05
-2.480271561200000e+00 -1.581061678600000e-06  1.483537394600000e-05
-2.480271561200000e+00 -1.581061678600000e-06  1.483537394600000e-05
-2.480271561200000e+00 -1.581061678600000e-06  1.483537394600000e-05
-2.480271561200000e+00 -1.581061678600000e-06  1.483537394600000e-05
-2.480271561200000e+00 -1.581061678600000e-06  1.483537394600000e-05
-2.480271561200000e+00 -1.581061678600000e-06  1.483537394600000e-05
-2.480271561200000e+00 -1.581061678600000e-06  1.483537394600000e-05
-2.480271561200000e+00 -1.581061678600000e-06  1.483537394600000e-05
-2.480271561200000e+00 -1.581061678600000e-06  1.483537394600000e-05
-2.480271561200000e+00 -1.581061678600000e-06  1.483537394600000e-05
-2.480271561200000e+00 -1.581061678600000e-06  1.483537394600000e-05
-2.480271561200000e+00 -1.581061678600000e-06  1.483537394600000e-05
-2.480271561200000e+00 -1.581061678600000e-06  1.483537394600000e-05
-2.480271561200000e+00 -1.581061678600000e-06  1.483537394600000e-05
-2.480271561200000e+00 -1.581061678600000e-06  1.483537394600000e-05
-2.480271561200000e+00 -1.581061678600000e-06  1.483537394600000e-05
-2.480271561200000e+00 -1.581061678600000e-06  1.483537394600000e-05
-2.480271561200000e+00 -1.581061678600000e-06  1.483537394600000e-05
-2.480271561200000e+00 -1.581061678600000e-06  1.483537394600000e-05
-2.480271561200000e+00 -1.581061678600000e-06  1.483537394600000e-05
-2.480271561200000e+00 -1.581061678600000e-06  1.483537394600000e-05
-2.480271561200000e+00 -1.581061678600000e-06  1.483537394600000e-05
-2.480271561200000e+00 -1.581061678600000e-06  1.483537394600000e-05
-2.480271561200000e+00 -1.581061678600000e-06  1.483537394600000e-05
-2.480271561200000e+00 -1.581061678600000e-06  1.483537394600000e-05
-2.480271561200000e+00 -1.581061678600000e-06  1.483537394600000e-05
-2.480271561200000e+00 -1.581061678600000e-06  1.483537394600000e-05
-2.480271561200000e+00 -1.581061678600000e-06  1.483537394600000e-05
-2.480271561200000e+00 -1.581061678600000e-06  1.483537394600000e-05
-2.480271561200000e+00 -1.581061678600000e-06  1.483537394600000e-05
-2.480271561200000e+00 -1.581061678600000e-06  1.483537394600000e-05
-2.480271561200000e+00 -1.581061678600000e-06  1.483537394600000e-05
-2.480271561200000e+00 -1.581061678600000e-06  1.483537394600000e-05
-2.480271561200000e+00 -1.581061678600000e-06  1.483537394600000e-05
-2.480271561200000e+00 -1.581061678600000e-06  1.483537394600000e-05
-2.480271561200000e+00 -1.581061678600000e-06  1.483537394600000e-05
-2.480271561200000e+00 -1.581061678600000e-06  1.483537394600000e-05
-2.480271561200000e+00 -1.581061678600000e-06  1.483537394600000e-05
-2.480271561200000e+00 -1.581061678600000e-06  1.483537394600000e-05
-2.480271561200000e+00 -1.581061678600000e-06  1.483537394600000e-05
-2.480271561200000e+00 -1.581061678600000e-06  1.483537394600000e-05
-2.480271561200000e+00 -1.581061678600000e-06  1.483537394600000e-05
-2.480271561200000e+00 -1.581061678600000e-06  1.483537394600000e-05
-2.480271561200000e+00 -1.581061678600000e-06  1.483537394600000e-05
-2.480271561200000e+00 -1.581061678600000e-06  1.483537394600000e-05
-2.480271561200000e+00 -1.581061678600000e-06  1.483537394600000e-05
-2.480271561200000e+00 -1.581061678600000e-06  1.483537394600000e-05
-2.480271561200000e+00 -1.581061678600000e-06  1.483537394600000e-05
-2.480271561200000e+00 -1.581061678600000e-06  1.483537394600000e-05
-2.480271561200000e+00 -1.581061678600000e-06  1.483537394600000e-05
-2.480271561200000e+00 -1.581061678600000e-06  1.483537394600000e-05
-2.480271561200000e+00 -1.581061678600000e-06  1.483537394600000e-05
-2.480271561200000e+00 -1.581061678600000e-06  1.483537394600000e-05
-2.480271561200000e+00 -1.581061678600000e-06  1.483537394600000e-05
-2.480271561200000e+00 -1.581061678600000e-06  1.483537394600000e-05
-2.480271561200000e+00 -1.581061678600000e-06  1.483537394600000e-05
-2.480271561200000e+00 -1.581061678600000e-06  1.483537394600000e-05
-2.480271561200000e+00 -1.581061678600000e-06  1.483537394600000e-05
-2.480271561200000e+00 -1.581061678600000e-06  1.483537394600000e-05
-2.480271561200000e+00 -1.581061678600000e-06  1.483537394600000e-05
-2.480271561200000e+00 -1.581061678600000e-06  1.483537394600000e-05
-2.480271561200000e+00 -1.581061678600000e-06  1.483537394600000e-05
-2.480271561200000e+00 -1.581061678600000e-06  1.483537394600000e-05
-2.480271561200000e+00 -1.581061678600000e-06  1.483537394600000e-05
-2.480271561200000e+00 -1.581061678600000e-06  1.483537394600000e-05
-2.480271561200000e+00 -1.581061678600000e-06  1.483537394600000e-05
-2.480271561200000e+00 -1.581061678600000e-06  1.483537394600000e-05
-2.480271561200000e+00 -1.581061678600000e-06  1.483537394600000e-05
-2.480271561200000e+00 -1.581061678600000e-06  1.483537394600000e-05
-2.480271561200000e+00 -1.581061678600000e-06  1.483537394600000e-05
-2.480271561200000e+00 -1.581061678600000e-06  1.483537394600000e-05
-2.480271561200000e+00 -1.581061678600000e-06  1.483537394600000e-05
-2.480271561200000e+00 -1.581061678600000e-06  1.483537394600000e-05
-2.480271561200000e+00 -1.581061678600000e-06  1.483537394600000e-05
-2.480271561200000e+00 -1.581061678600000e-06  1.483537394600000e-05
-2.480271561200000e+00 -1.581061678600000e-06  1.483537394600000e-05
-2.480271561200000e+00 -1.581061678600000e-06  1.483537394600000e-05
-2.480271561200000e+00 -1.581061678600000e-06  1.483537394600000e-05
-2.480271561200000e+00 -1.581061678600000e-06  1.483537394600000e-05
-2.480271561200000e+00 -1.581061678600000e-06  1.483537394600000e-05
-2.480271561200000e+00 -1.581061678600000e-06  1.483537394600000e-05
-2.480271561200000e+00 -1.581061678600000e-06  1.483537394600000e-05
-2.480271561200000e+00 -1.581061678600000e-06  1.483537394600000e-05
-2.480271561200000e+00 -1.581061678600000e-06  1.483537394600000e-05
-2.480271561200000e+00 -1.581061678600000e-06  1.483537394600000e-05
-2.480271561200000e+00 -1.581061678600000e-06  1.483537394600000e-05
-2.480271561200000e+00 -1.581061678600000e-06  1.483537394600000e-05
-2.480271561200000e+00 -1.581061678600000e-06  1.483537394600000e-05
-2.480271561200000e+00 -1.581061678600000e-06  1.483537394600000e-05
-2.480271561200000e+00 -1.581061678600000e-06  1.483537394600000e-05
-2.480271561200000e+00 -1.581061678600000e-06  1.483537394600000e-05
-2.480271561200000e+00 -1.581061678600000e-06  1.483537394600000e-05
-2.480271561200000e+00 -1.581061678600000e-06  1.483537394600000e-05
-2.480271561200000e+00 -1.581061678600000e-06  1.483537394600000e-05
-2.480271561200000e+00 -1.581061678600000e-06  1.483537394600000e-05
-2.480271561200000e+00 -1.581061678600000e-06  1.483537394600000e-05
-2.480271561200000e+00 -1.581061678600000e-06  1.483537394600000e-05
-2.480271561200000e+00 -1.581061678600000e-06  1.483537394600000e-05
-2.480271561200000e+00 -1.581061678600000e-06  1.483537394600000e-05
-2.480271561200000e+00 -1.581061678600000e-06  1.483537394600000e-05
-2.480271561200000e+00 -1.581061678600000e-06  1.483537394600000e-05
-2.480271561200000e+00 -1.581061678600000e-06  1.483537394600000e-05
-2.480271561200000e+00 -1.581061678600000e-06  1.483537394600000e-05
-2.480271561200000e+00 -1.581061678600000e-06  1.483537394600000e-05
-2.480271561200000e+00 -1.581061678600000e-06  1.483537394600000e-05
-2.480271561200000e+00 -1.581061678600000e-06  1.483537394600000e-05
-2.480271561200000e+00 -1.581061678600000e-06  1.483537394600000e-05
-2.480271561200000e+00 -1.581061678600000e-06  1.483537394600000e-05
-2.480271561200000e+00 -1.581061678600000e-06  1.483537394600000e-05
-2.480271561200000e+00 -1.581061678600000e-06  1.483537394600000e-05
-2.480271561200000e+00 -1.581061678600000e-06  1.483537394600000e-05
-2.480271561200000e+00 -1.581061678600000e-06  1.483537394600000e-05
-2.480271561200000e+00 -1.581061678600000e-06  1.483537394600000e-05
-2.480271561200000e+00 -1.581061678600000e-06  1.483537394600000e-05
-2.480271561200000e+00 -1.581061678600000e-06  1.483537394600000e-05
-2.480271561200000e+00 -1.581061678600000e-06  1.483537394600000e-05
-2.480271561200000e+00 -1.581061678600000e-06  1.483537394600000e-05
-2.480271561200000e+00 -1.581061678600000e-06  1.483537394600000e-05
-2.480271561200000e+00 -1.581061678600000e-06  1.483537394600000e-05
-2.480271561200000e+00 -1.581061678600000e-06  1.483537394600000e-05
-2.480271561200000e+00 -1.581061678600000e-06  1.483537394600000e-05
-2.480271561200000e+00 -1.581061678600000e-06  1.483537394600000e-05
-2.480271561200000e+00 -1.581061678600000e-06  1.483537394600000e-05
-2.480271561200000e+00 -1.581061678600000e-06  1.483537394600000e-05
-2.480271561200000e+00 -1.581061678600000e-06  1.483537394600000e-05
-2.480271561200000e+00 -1.581061678600000e-06  1.483537394600000e-05
-2.480271561200000e+00 -1.581061678600000e-06  1.483537394600000e-05
-2.480271561200000e+00 -1.581061678600000e-06  1.483537394600000e-05
-2.480271561200000e+00 -1.581061678600000e-06  1.483537394600000e-05
-2.480271561200000e+00 -1.581061678600000e-06  1.483537394600000e-05
-2.480271561200000e+00 -1.581061678600000e-06  1.483537394600000e-05
-2.480271561200000e+00 -1.581061678600000e-06  1.483537394600000e-05
-2.480271561200000e+00 -1.581061678600000e-06  1.483537394600000e-05
-2.480271561200000e+00 -1.581061678600000e-06  1.483537394600000e-05
-2.480271561200000e+00 -1.581061678600000e-06  1.483537394600000e-05
-2.480271561200000e+00 -1.581061678600000e-06  1.483537394600000e-05
-2.480271561200000e+00 -1.581061678600000e-06  1.483537394600000e-05
-2.480271561200000e+00 -1.581061678600000e-06  1.483537394600000e-05
-2.480271561200000e+00 -1.581061678600000e-06  1.483537394600000e-05
-2.480271561200000e+00 -1.581061678600000e-06  1.483537394600000e-05
-2.480271561200000e+00 -1.581061678600000e-06  1.483537394600000e-05
-2.480271561200000e+00 -1.581061678600000e-06  1.483537394600000e-05

VECTORS burgers_vector_local double
-5.015120652532459e-01 -5.015180370994795e-01  5.015112821697204e-01
-5.015120652532459e-01 -5.015180370994795e-01  5.015112821697204e-01
-5.015120652532459e-01 -5.015180370994795e-01  5.015112821697204e-01
-5.015120652532459e-01 -5.015180370994795e-01  5.015112821697204e-01
-5.015120652532459e-01 -5.015180370994795e-01  5.015112821697204e-01
-5.015120652532459e-01 -5.015180370994795e-01  5.015112821697204e-01
-5.015120652532459e-01 -5.015180370994795e-01  5.015112821697204e-01
-5.015120652532459e-01 -5.015180370994795e-01  5.015112821697204e-01
-5.015120652532459e-01 -5.015180370994795e-01  5.015112821697204e-01
-5.015120652532459e-01 -5.015180370994795e-01  5.015112821697204e-01
-5.015120652532459e-01 -5.015180370994795e-01  5.015112821697204e-01
-5.015120652532459e-01 -5.015180370994795e-01  5.015112821697204e-01
-5.015120652532459e-01 -5.015180370994795e-01  5.015112821697204e-01
-5.015120652532459e-01 -5.015180370994795e-01  5.015112821697204e-01
-5.015120652532459e-01 -5.015180370994795e-01  5.015112821697204e-01
-5.015120652532459e-01 -5.015180370994795e-01  5.015112821697204e-01
-5.015120652532459e-01 -5.015180370994795e-01  5.015112821697204e-01
-5.015120652532459e-01 -5.015180370994795e-01  5.015112821697204e-01
-5.015120652532459e-01 -5.015180370994795e-01  5.015112821697204e-01
-5.015120652532459e-01 -5.015180370994795e-01  5.015112821697204e-01
-5.015120652532459e-01 -5.015180370994795e-01  5.015112821697204e-01
-5.015120652532459e-01 -5.015180370994795e-01  5.015112821697204e-01
-5.015120652532459e-01 -5.015180370994795e-01  5.015112821697204e-01
-5.015120652532459e-01 -5.015180370994795e-01  5.015112821697204e-01
-5.015120652532459e-01 -5.015180370994795e-01  5.015112821697204e-01
-5.015120652532459e-01 -5.015180370994795e-01  5.015112821697204e-01
-5.015120652532459e-01 -5.015180370994795e-01  5.015112821697204e-01
-5.015120652532459e-01 -5.015180370994795e-01  5.015112821697204e-01
-5.015120652532459e-01 -5.015180370994795e-01  5.015112821697204e-01
-5.015120652532459e-01 -5.015180370994795e-01  5.015112821697204e-01
-5.015120652532459e-01 -5.015180370994795e-01  5.015112821697204e-01
-5.015120652532459e-01 -5.015180370994795e-01  5.015112821697204e-01
-5.015120652532459e-01 -5.015180370994795e-01  5.015112821697204e-01
-5.015120652532459e-01 -5.015180370994795e-01  5.015112821697204e-01
-5.015120652532459e-01 -5.015180370994795e-01  5.015112821697204e-01
-5.015120652532459e-01 -5.015180370994795e-01  5.015112821697204e-01
-5.015120652532459e-01 -5.015180370994795e-01  5.015112821697204e-01
-5.015120652532459e-01 -5.015180370994795e-01  5.015112821697204e-01
-5.015120652532459e-01 -5.015180370994795e-01  5.015112821697204e-01
-5.015120652532459e-01 -5.015180370994795e-01  5.015112821697204e-01
-5.015120652532459e-01 -5.015180370994795e-01  5.015112821697204e-01
-5.015120652532459e-01 -5.015180370994795e-01  5.015112821697204e-01
-5.015120652532459e-01 -5.015180370994795e-01  5.015112821697204e-01
-5.015120652532459e-01 -5.015180370994795e-01  5.015112821697204e-01
-5.015120652532459e-01 -5.015180370994795e-01  5.015112821697204e-01
-5.015120652532459e-01 -5.015180370994795e-01  5.015112821697204e-01
-5.015120652532459e-01 -5.015180370994795e-01  5.015112821697204e-01
-5.015120652532459e-01 -5.015180370994795e-01  5.015112821697204e-01
-5.015120652532459e-01 -5.015180370994795e-01  5.015112821697204e-01
-5.015120652532459e-01 -5.015180370994795e-01  5.015112821697204e-01
-5.015120652532459e-01 -5.015180370994795e-01  5.015112821697204e-01
-5.015120652532459e-01 -5.015180370994795e-01  5.015112821697204e-01
-5.015120652532459e-01 -5.015180370994795e-01  5.015112821697204e-01
-5.015120652532459e-01 -5.015180370994795e-01  5.015112821697204e-01
-5.015120652532459e-01 -5.015180370994795e-01  5.015112821697204e-01
-5.015120652532459e-01 -5.015180370994795e-01  5.015112821697204e-01
-5.015120652532459e-01 -5.015180370994795e-01  5.015112821697204e-01
-5.015120652532459e-01 -5.015180370994795e-01  5.015112821697204e-01
-5.015120652532459e-01 -5.015180370994795e-01  5.015112821697204e-01
-5.015120652532459e-01 -5.015180370994795e-01  5.015112821697204e-01
-5.015120652532459e-01 -5.015180370994795e-01  5.015112821697204e-01
-5.015120652532459e-01 -5.015180370994795e-01  5.015112821697204e-01
-5.015120652532459e-01 -5.015180370994795e-01  5.015112821697204e-01
-5.015120652532459e-01 -5.015180370994795e-01  5.015112821697204e-01
-5.015120652532459e-01 -5.015180370994795e-01  5.015112821697204e-01
-5.015120652532459e-01 -5.015180370994795e-01  5.015112821697204e-01
-5.015120652532459e-01 -5.015180370994795e-01  5.015112821697204e-01
-5.015120652532459e-01 -5.015180370994795e-01  5.015112821697204e-01
-5.015120652532459e-01 -5.015180370994795e-01  5.015112821697204e-01
-5.015120652532459e-01 -5.015180370994795e-01  5.015112821697204e-01
-5.015120652532459e-01 -5.015180370994795e-01  5.015112821697204e-01
-5.015120652532459e-01 -5.015180370994795e-01  5.015112821697204e-01
-5.015120652532459e-01 -5.015180370994795e-01  5.015112821697204e-01
-5.015120652532459e-01 -5.015180370994795e-01  5.015112821697204e-01
-5.015120652532459e-01 -5.015180370994795e-01  5.015112821697204e-01
-5.015120652532459e-01 -5.015180370994795e-01  5.015112821697204e-01
-5.015120652532459e-01 -5.015180370994795e-01  5.015112821697204e-01
-5.015120652532459e-01 -5.015180370994795e-01  5.015112821697204e-01
-5.015120652532459e-01 -5.015180370994795e-01  5.015112821697204e-01
-5.015120652532459e-01 -5.015180370994795e-01  5.015112821697204e-01
-5.015120652532459e-01 -5.015180370994795e-01  5.015112821697204e-01
-5.015120652532459e-01 -5.015180370994795e-01  5.015112821697204e-01
-5.015120652532459e-01 -5.015180370994795e-01  5.015112821697204e-01
-5.015120652532459e-01 -5.015180370994795e-01  5.015112821697204e-01
-5.015120652532459e-01 -5.015180370994795e-01  5.015112821697204e-01
-5.015120652532459e-01 -5.015180370994795e-01  5.015112821697204e-01
-5.015120652532459e-01 -5.015180370994795e-01  5.015112821697204e-01
-5.015120652532459e-01 -5.015180370994795e-01  5.015112821697204e-01
-5.015120652532459e-01 -5.015180370994795e-01  5.015112821697204e-01
-5.015120652532459e-01 -5.015180370994795e-01  5.015112821697204e-01
-5.015120652532459e-01 -5.015180370994795e-01  5.015112821697204e-01
-5.015120652532459e-01 -5.015180370994795e-01  5.015112821697204e-01
-5.015120652532459e-01 -5.015180370994795e-01  5.015112821697204e-01
-5.015120652532459e-01 -5.015180370994795e-01  5.015112821697204e-01
-5.015120652532459e-01 -5.015180370994795e-01  5.015112821697204e-01
-5.015120652532459e-01 -5.015180370994795e-01  5.015112821697204e-01
-5.015120652532459e-01 -5.015180370994795e-01  5.015112821697204e-01
-5.015120652532459e-01 -5.015180370994795e-01  5.015112821697204e-01
-5.015120652532459e-01 -5.015180370994795e-01  5.015112821697204e-01
-5.015120652532459e-01 -5.015180370994795e-01  5.015112821697204e-01
-5.015120652532459e-01 -5.015180370994795e-01  5.015112821697204e-01
-5.015120652532459e-01 -5.015180370994795e-01  5.015112821697204e-01
-5.015120652532459e-01 -5.015180370994795e-01  5.015112821697204e-01
-5.015120652532459e-01 -5.015180370994795e-01  5.015112821697204e-01
-5.015120652532459e-01 -5.015180370994795e-01  5.015112821697204e-01
-5.015120652532459e-01 -5.015180370994795e-01  5.015112821697204e-01
-5.015120652532459e-01 -5.015180370994795e-01  5.015112821697204e-01
-5.015120652532459e-01 -5.015180370994795e-01  5.015112821697204e-01
-5.015120652532459e-01 -5.015180370994795e-01  5.015112821697204e-01
-5.015120652532459e-01 -5.015180370994795e-01  5.015112821697204e-01
-5.015120652532459e-01 -5.015180370994795e-01  5.015112821697204e-01
-5.015120652532459e-01 -5.015180370994795e-01  5.015112821697204e-01
-5.015120652532459e-01 -5.015180370994795e-01  5.015112821697204e-01
-5.015120652532459e-01 -5.015180370994795e-01  5.015112821697204e-01
-5.015120652532459e-01 -5.015180370994795e-01  5.015112821697204e-01
-5.015120652532459e-01 -5.015180370994795e-01  5.015112821697204e-01
-5.015120652532459e-01 -5.015180370994795e-01  5.015112821697204e-01
-5.015120652532459e-01 -5.015180370994795e-01  5.015112821697204e-01
-5.015120652532459e-01 -5.015180370994795e-01  5.015112821697204e-01
-5.015120652532459e-01 -5.015180370994795e-01  5.015112821697204e-01
-5.015120652532459e-01 -5.015180370994795e-01  5.015112821697204e-01
-5.015120652532459e-01 -5.015180370994795e-01  5.015112821697204e-01
-5.015120652532459e-01 -5.015180370994795e-01  5.015112821697204e-01
-5.015120652532459e-01 -5.015180370994795e-01  5.015112821697204e-01
-5.015120652532459e-01 -5.015180370994795e-01  5.015112821697204e-01
-5.015120652532459e-01 -5.015180370994795e-01  5.015112821697204e-01
-5.015120652532459e-01 -5.015180370994795e-01  5.015112821697204e-01
-5.015120652532459e-01 -5.015180370994795e-01  5.015112821697204e-01
-5.015120652532459e-01 -5.015180370994795e-01  5.015112821697204e-01
-5.015120652532459e-01 -5.015180370994795e-01  5.015112821697204e-01
-5.015120652532459e-01 -5.015180370994795e-01  5.015112821697204e-01
-5.015120652532459e-01 -5.015180370994795e-01  5.015112821697204e-01
-5.015120652532459e-01 -5.015180370994795e-01  5.015112821697204e-01
-5.015120652532459e-01 -5.015180370994795e-01  5.015112821697204e-01
-5.015120652532459e-01 -5.015180370994795e-01  5.015112821697204e-01
-5.015120652532459e-01 -5.015180370994795e-01  5.015112821697204e-01
-5.015120652532459e-01 -5.015180370994795e-01  5.015112821697204e-01
-5.015120652532459e-01 -5.015180370994795e-01  5.015112821697204e-01
-5.015120652532459e-01 -5.015180370994795e-01  5.015112821697204e-01
-5.015120652532459e-01 -5.015180370994795e-01  5.015112821697204e-01
-5.015120652532459e-01 -5.015180370994795e-01  5.015112821697204e-01
-5.015120652532459e-01 -5.015180370994795e-01  5.015112821697204e-01
-5.015120652532459e-01 -5.015180370994795e-01  5.015112821697204e-01
-5.015120652532459e-01 -5.015180370994795e-01  5.015112821697204e-01
-5.015120652532459e-01 -5.015180370994795e-01  5.015112821697204e-01
-5.015120652532459e-01 -5.015180370994795e-01  5.015112821697204e-01
-5.015120652532459e-01 -5.015180370994795e-01  5.015112821697204e-01
-5.015120652532459e-01 -5.015180370994795e-01  5.015112821697204e-01
-5.015120652532459e-01 -5.015180370994795e-01  5.015112821697204e-01
-5.015120652532459e-01 -5.015180370994795e-01  5.015112821697204e-01
-5.015120652532459e-01 -5.015180370994795e-01  5.015112821697204e-01
-5.015120652532459e-01 -5.015180370994795e-01  5.015112821697204e-01
-5.015120652532459e-01 -5.015180370994795e-01  5.015112821697204e-01
-5.015120652532459e-01 -5.015180370994795e-01  5.015112821697204e-01
-5.015120652532459e-01 -5.015180370994795e-01  5.015112821697204e-01
-5.015120652532459e-01 -5.015180370994795e-01  5.015112821697204e-01
-5.015120652532459e-01 -5.015180370994795e-01  5.015112821697204e-01
-5.015120652532459e-01 -5.015180370994795e-01  5.015112821697204e-01
-5.015120652532459e-01 -5.015180370994795e-01  5.015112821697204e-01
-5.015120652532459e-01 -5.015180370994795e-01  5.015112821697204e-01
-5.015120652532459e-01 -5.015180370994795e-01  5.015112821697204e-01
-5.015120652532459e-01 -5.015180370994795e-01  5.015112821697204e-01
-5.015120652532459e-01 -5.015180370994795e-01  5.015112821697204e-01
-5.015120652532459e-01 -5.015180370994795e-01  5.015112821697204e-01
-5.015120652532459e-01 -5.015180370994795e-01  5.015112821697204e-01
-5.015120652532459e-01 -5.015180370994795e-01  5.015112821697204e-01
-5.015120652532459e-01 -5.015180370994795e-01  5.015112821697204e-01
-5.015120652532459e-01 -5.015180370994795e-01  5.015112821697204e-01
